{
  "language": "en",
  "orientation": "Up",
  "textAngle": 0.0,
  "regions": [
    {
      "boundingBox": "151,182,1727,502",
      "lines": [
        {
          "boundingBox": "154,182,1724,140",
          "words": [
            {
              "boundingBox": "154,183,261,104",
              "text": "The"
            },
            {
              "boundingBox": "466,182,658,140",
              "text": "Signature"
            },
            {
              "boundingBox": "1173,182,705,105",
              "text": "Collection"
            }
          ]
        },
        {
          "boundingBox": "154,384,1018,78",
          "words": [
            {
              "boundingBox": "154,384,281,59",
              "text": "Shower"
            },
            {
              "boundingBox": "457,384,211,59",
              "text": "Burst"
            },
            {
              "boundingBox": "689,384,279,78",
              "text": "Variety"
            },
            {
              "boundingBox": "991,384,181,59",
              "text": "Pack"
            }
          ]
        },
        {
          "boundingBox": "152,487,1047,43",
          "words": [
            {
              "boundingBox": "152,487,137,32",
              "text": "Shower"
            },
            {
              "boundingBox": "308,487,98,32",
              "text": "Burst"
            },
            {
              "boundingBox": "423,487,134,43",
              "text": "Variety"
            },
            {
              "boundingBox": "575,487,100,32",
              "text": "Packs"
            },
            {
              "boundingBox": "695,487,98,32",
              "text": "make"
            },
            {
              "boundingBox": "813,494,93,36",
              "text": "great"
            },
            {
              "boundingBox": "925,487,81,43",
              "text": "gifts."
            },
            {
              "boundingBox": "1027,487,97,43",
              "text": "They"
            },
            {
              "boundingBox": "1143,499,56,20",
              "text": "are"
            }
          ]
        },
        {
          "boundingBox": "151,542,1048,43",
          "words": [
            {
              "boundingBox": "151,542,68,32",
              "text": "also"
            },
            {
              "boundingBox": "236,554,21,20",
              "text": "a"
            },
            {
              "boundingBox": "271,542,60,32",
              "text": "fun"
            },
            {
              "boundingBox": "346,554,74,31",
              "text": "way"
            },
            {
              "boundingBox": "434,542,52,32",
              "text": "for"
            },
            {
              "boundingBox": "499,554,85,31",
              "text": "your"
            },
            {
              "boundingBox": "599,549,182,25",
              "text": "customers"
            },
            {
              "boundingBox": "797,549,35,25",
              "text": "to"
            },
            {
              "boundingBox": "848,549,51,36",
              "text": "try"
            },
            {
              "boundingBox": "914,542,154,32",
              "text": "different"
            },
            {
              "boundingBox": "1082,542,117,32",
              "text": "blends"
            }
          ]
        },
        {
          "boundingBox": "151,597,1049,32",
          "words": [
            {
              "boundingBox": "151,597,69,32",
              "text": "and"
            },
            {
              "boundingBox": "239,597,148,32",
              "text": "discover"
            },
            {
              "boundingBox": "405,597,85,32",
              "text": "their"
            },
            {
              "boundingBox": "508,597,144,32",
              "text": "favorite."
            },
            {
              "boundingBox": "674,597,92,32",
              "text": "Each"
            },
            {
              "boundingBox": "785,597,68,32",
              "text": "box"
            },
            {
              "boundingBox": "870,597,149,32",
              "text": "includes"
            },
            {
              "boundingBox": "1039,609,20,20",
              "text": "a"
            },
            {
              "boundingBox": "1079,597,121,32",
              "text": "Sachet"
            }
          ]
        },
        {
          "boundingBox": "151,652,1048,32",
          "words": [
            {
              "boundingBox": "151,652,69,32",
              "text": "and"
            },
            {
              "boundingBox": "231,652,210,32",
              "text": "instructions"
            },
            {
              "boundingBox": "453,652,52,32",
              "text": "for"
            },
            {
              "boundingBox": "516,664,66,20",
              "text": "use."
            },
            {
              "boundingBox": "606,652,110,32",
              "text": "These"
            },
            {
              "boundingBox": "728,652,102,32",
              "text": "boxes"
            },
            {
              "boundingBox": "841,652,92,32",
              "text": "work"
            },
            {
              "boundingBox": "944,664,34,20",
              "text": "as"
            },
            {
              "boundingBox": "991,652,88,32",
              "text": "shelf"
            },
            {
              "boundingBox": "1092,652,107,32",
              "text": "sellers"
            }
          ]
        }
      ]
    },
    {
      "boundingBox": "151,710,498,350",
      "lines": [
        {
          "boundingBox": "151,710,498,43",
          "words": [
            {
              "boundingBox": "151,710,72,33",
              "text": "that"
            },
            {
              "boundingBox": "234,710,88,33",
              "text": "need"
            },
            {
              "boundingBox": "333,710,79,33",
              "text": "little"
            },
            {
              "boundingBox": "426,710,223,43",
              "text": "explanation."
            }
          ]
        },
        {
          "boundingBox": "264,969,221,44",
          "words": [
            {
              "boundingBox": "264,969,221,44",
              "text": "Refresh"
            }
          ]
        },
        {
          "boundingBox": "200,1029,350,31",
          "words": [
            {
              "boundingBox": "200,1029,163,31",
              "text": "Grapefruit"
            },
            {
              "boundingBox": "373,1029,23,23",
              "text": "&"
            },
            {
              "boundingBox": "405,1029,145,24",
              "text": "Lavender"
            }
          ]
        }
      ]
    },
    {
      "boundingBox": "792,969,352,313",
      "lines": [
        {
          "boundingBox": "893,969,163,44",
          "words": [
            {
              "boundingBox": "893,969,163,44",
              "text": "Relax"
            }
          ]
        },
        {
          "boundingBox": "806,1029,338,31",
          "words": [
            {
              "boundingBox": "806,1029,145,24",
              "text": "Lavender"
            },
            {
              "boundingBox": "960,1029,23,23",
              "text": "&"
            },
            {
              "boundingBox": "992,1029,152,31",
              "text": "Bergamot"
            }
          ]
        },
        {
          "boundingBox": "792,1264,200,18",
          "words": [
            {
              "boundingBox": "792,1264,110,18",
              "text": "SEOWE,R"
            },
            {
              "boundingBox": "908,1264,84,18",
              "text": "'RCRST"
            }
          ]
        }
      ]
    },
    {
      "boundingBox": "1377,969,396,340",
      "lines": [
        {
          "boundingBox": "1476,969,200,58",
          "words": [
            {
              "boundingBox": "1476,969,200,58",
              "text": "Clarity"
            }
          ]
        },
        {
          "boundingBox": "1377,1028,396,32",
          "words": [
            {
              "boundingBox": "1377,1029,171,31",
              "text": "Eucalyptus"
            },
            {
              "boundingBox": "1558,1029,23,23",
              "text": "&"
            },
            {
              "boundingBox": "1590,1028,183,32",
              "text": "Pepperrnint"
            }
          ]
        },
        {
          "boundingBox": "1395,1259,108,18",
          "words": [
            {
              "boundingBox": "1395,1259,108,18",
              "text": "StiOWE.n"
            }
          ]
        },
        {
          "boundingBox": "1455,1289,84,20",
          "words": [
            {
              "boundingBox": "1455,1289,84,20",
              "text": "C.lnitv'"
            }
          ]
        }
      ]
    },
    {
      "boundingBox": "1949,606,449,674",
      "lines": [
        {
          "boundingBox": "2115,606,93,39",
          "words": [
            {
              "boundingBox": "2115,606,93,39",
              "text": "ßcfrestl"
            }
          ]
        },
        {
          "boundingBox": "1949,731,421,32",
          "words": [
            {
              "boundingBox": "1949,731,120,25",
              "text": "Shower"
            },
            {
              "boundingBox": "2080,731,85,25",
              "text": "Burst"
            },
            {
              "boundingBox": "2174,731,109,32",
              "text": "Variety"
            },
            {
              "boundingBox": "2294,731,76,25",
              "text": "Pack"
            }
          ]
        },
        {
          "boundingBox": "2325,766,73,21",
          "words": [
            {
              "boundingBox": "2325,766,73,21",
              "text": "25110"
            }
          ]
        },
        {
          "boundingBox": "1949,820,12,19",
          "words": [
            {
              "boundingBox": "1949,820,12,19",
              "text": "8"
            }
          ]
        },
        {
          "boundingBox": "2007,820,249,19",
          "words": [
            {
              "boundingBox": "2007,820,83,19",
              "text": "11615"
            },
            {
              "boundingBox": "2114,820,86,19",
              "text": "01519"
            },
            {
              "boundingBox": "2243,821,13,18",
              "text": "4"
            }
          ]
        },
        {
          "boundingBox": "2063,969,226,58",
          "words": [
            {
              "boundingBox": "2063,969,226,58",
              "text": "Healing"
            }
          ]
        },
        {
          "boundingBox": "2016,1029,318,24",
          "words": [
            {
              "boundingBox": "2016,1029,144,24",
              "text": "Lavender"
            },
            {
              "boundingBox": "2169,1029,23,23",
              "text": "&"
            },
            {
              "boundingBox": "2202,1029,55,24",
              "text": "Tea"
            },
            {
              "boundingBox": "2266,1029,68,24",
              "text": "Tree"
            }
          ]
        },
        {
          "boundingBox": "1993,1262,108,18",
          "words": [
            {
              "boundingBox": "1993,1262,108,18",
              "text": "SHOWER"
            }
          ]
        }
      ]
    },
    {
      "boundingBox": "151,1247,307,1872",
      "lines": [
        {
          "boundingBox": "204,1247,51,15",
          "words": [
            {
              "boundingBox": "204,1247,51,15",
              "text": "*iou.\""
            }
          ]
        },
        {
          "boundingBox": "151,1600,12,19",
          "words": [
            {
              "boundingBox": "151,1600,12,19",
              "text": "8"
            }
          ]
        },
        {
          "boundingBox": "209,1600,249,19",
          "words": [
            {
              "boundingBox": "209,1600,83,19",
              "text": "11615"
            },
            {
              "boundingBox": "316,1600,85,19",
              "text": "01511"
            },
            {
              "boundingBox": "445,1600,13,19",
              "text": "8"
            }
          ]
        },
        {
          "boundingBox": "151,2350,12,19",
          "words": [
            {
              "boundingBox": "151,2350,12,19",
              "text": "8"
            }
          ]
        },
        {
          "boundingBox": "209,2350,249,19",
          "words": [
            {
              "boundingBox": "209,2350,83,19",
              "text": "11615"
            },
            {
              "boundingBox": "316,2350,85,19",
              "text": "01811"
            },
            {
              "boundingBox": "445,2350,13,19",
              "text": "9"
            }
          ]
        },
        {
          "boundingBox": "151,3101,12,18",
          "words": [
            {
              "boundingBox": "151,3101,12,18",
              "text": "8"
            }
          ]
        },
        {
          "boundingBox": "207,3101,192,18",
          "words": [
            {
              "boundingBox": "207,3101,88,18",
              "text": "11615"
            },
            {
              "boundingBox": "315,3101,84,18",
              "text": "01101"
            }
          ]
        },
        {
          "boundingBox": "447,3101,7,18",
          "words": [
            {
              "boundingBox": "447,3101,7,18",
              "text": "1"
            }
          ]
        }
      ]
    },
    {
      "boundingBox": "498,1546,103,1571",
      "lines": [
        {
          "boundingBox": "527,1546,71,21",
          "words": [
            {
              "boundingBox": "527,1546,71,21",
              "text": "25101"
            }
          ]
        },
        {
          "boundingBox": "513,1576,88,21",
          "words": [
            {
              "boundingBox": "513,1576,57,21",
              "text": "$2.50"
            },
            {
              "boundingBox": "577,1582,24,13",
              "text": "ea"
            }
          ]
        },
        {
          "boundingBox": "498,1602,103,18",
          "words": [
            {
              "boundingBox": "498,1607,46,13",
              "text": "case"
            },
            {
              "boundingBox": "551,1602,20,17",
              "text": "of"
            },
            {
              "boundingBox": "579,1602,22,17",
              "text": "12"
            }
          ]
        },
        {
          "boundingBox": "527,2296,71,21",
          "words": [
            {
              "boundingBox": "527,2296,71,21",
              "text": "28101"
            }
          ]
        },
        {
          "boundingBox": "513,2326,88,21",
          "words": [
            {
              "boundingBox": "513,2326,57,21",
              "text": "$2.40"
            },
            {
              "boundingBox": "577,2332,24,13",
              "text": "ea"
            }
          ]
        },
        {
          "boundingBox": "498,2352,103,18",
          "words": [
            {
              "boundingBox": "498,2357,46,13",
              "text": "case"
            },
            {
              "boundingBox": "551,2352,20,17",
              "text": "of"
            },
            {
              "boundingBox": "579,2352,22,17",
              "text": "12"
            }
          ]
        },
        {
          "boundingBox": "545,3073,56,21",
          "words": [
            {
              "boundingBox": "545,3073,25,21",
              "text": "$4"
            },
            {
              "boundingBox": "577,3079,24,13",
              "text": "ea"
            }
          ]
        },
        {
          "boundingBox": "510,3099,91,18",
          "words": [
            {
              "boundingBox": "510,3104,47,13",
              "text": "case"
            },
            {
              "boundingBox": "564,3099,20,17",
              "text": "of"
            },
            {
              "boundingBox": "589,3099,12,18",
              "text": "6"
            }
          ]
        }
      ]
    },
    {
      "boundingBox": "751,1600,307,1519",
      "lines": [
        {
          "boundingBox": "751,1600,12,19",
          "words": [
            {
              "boundingBox": "751,1600,12,19",
              "text": "8"
            }
          ]
        },
        {
          "boundingBox": "809,1600,192,19",
          "words": [
            {
              "boundingBox": "809,1600,83,19",
              "text": "11615"
            },
            {
              "boundingBox": "916,1600,85,19",
              "text": "01512"
            }
          ]
        },
        {
          "boundingBox": "1046,1601,12,18",
          "words": [
            {
              "boundingBox": "1046,1601,12,18",
              "text": "5"
            }
          ]
        },
        {
          "boundingBox": "751,2350,12,19",
          "words": [
            {
              "boundingBox": "751,2350,12,19",
              "text": "8"
            }
          ]
        },
        {
          "boundingBox": "809,2350,249,19",
          "words": [
            {
              "boundingBox": "809,2350,83,19",
              "text": "11615"
            },
            {
              "boundingBox": "916,2350,85,19",
              "text": "01812"
            },
            {
              "boundingBox": "1045,2350,13,19",
              "text": "6"
            }
          ]
        },
        {
          "boundingBox": "916,2779,118,39",
          "words": [
            {
              "boundingBox": "916,2779,118,39",
              "text": "Relax"
            }
          ]
        },
        {
          "boundingBox": "751,3101,12,18",
          "words": [
            {
              "boundingBox": "751,3101,12,18",
              "text": "8"
            }
          ]
        },
        {
          "boundingBox": "807,3101,251,18",
          "words": [
            {
              "boundingBox": "807,3101,88,18",
              "text": "11615"
            },
            {
              "boundingBox": "915,3101,88,18",
              "text": "01102"
            },
            {
              "boundingBox": "1045,3101,13,18",
              "text": "8"
            }
          ]
        }
      ]
    },
    {
      "boundingBox": "1098,1546,103,1571",
      "lines": [
        {
          "boundingBox": "1127,1546,74,21",
          "words": [
            {
              "boundingBox": "1127,1546,74,21",
              "text": "25102"
            }
          ]
        },
        {
          "boundingBox": "1113,1576,88,21",
          "words": [
            {
              "boundingBox": "1113,1576,57,21",
              "text": "$2.50"
            },
            {
              "boundingBox": "1177,1582,24,13",
              "text": "ea"
            }
          ]
        },
        {
          "boundingBox": "1098,1602,103,18",
          "words": [
            {
              "boundingBox": "1098,1607,46,13",
              "text": "case"
            },
            {
              "boundingBox": "1151,1602,20,17",
              "text": "of"
            },
            {
              "boundingBox": "1179,1602,22,17",
              "text": "12"
            }
          ]
        },
        {
          "boundingBox": "1127,2296,74,21",
          "words": [
            {
              "boundingBox": "1127,2296,74,21",
              "text": "28102"
            }
          ]
        },
        {
          "boundingBox": "1113,2326,88,21",
          "words": [
            {
              "boundingBox": "1113,2326,57,21",
              "text": "$2.40"
            },
            {
              "boundingBox": "1177,2332,24,13",
              "text": "ea"
            }
          ]
        },
        {
          "boundingBox": "1098,2352,103,18",
          "words": [
            {
              "boundingBox": "1098,2357,46,13",
              "text": "case"
            },
            {
              "boundingBox": "1151,2352,20,17",
              "text": "of"
            },
            {
              "boundingBox": "1179,2352,22,17",
              "text": "12"
            }
          ]
        },
        {
          "boundingBox": "1130,3046,71,21",
          "words": [
            {
              "boundingBox": "1130,3046,71,21",
              "text": "10102"
            }
          ]
        },
        {
          "boundingBox": "1145,3073,56,21",
          "words": [
            {
              "boundingBox": "1145,3073,25,21",
              "text": "$4"
            },
            {
              "boundingBox": "1177,3079,24,13",
              "text": "ea"
            }
          ]
        },
        {
          "boundingBox": "1110,3099,91,18",
          "words": [
            {
              "boundingBox": "1110,3104,47,13",
              "text": "case"
            },
            {
              "boundingBox": "1164,3099,20,17",
              "text": "of"
            },
            {
              "boundingBox": "1189,3099,12,18",
              "text": "6"
            }
          ]
        }
      ]
    },
    {
      "boundingBox": "1351,1600,12,769",
      "lines": [
        {
          "boundingBox": "1351,1600,12,19",
          "words": [
            {
              "boundingBox": "1351,1600,12,19",
              "text": "8"
            }
          ]
        },
        {
          "boundingBox": "1351,2350,12,19",
          "words": [
            {
              "boundingBox": "1351,2350,12,19",
              "text": "8"
            }
          ]
        }
      ]
    },
    {
      "boundingBox": "1409,1600,83,769",
      "lines": [
        {
          "boundingBox": "1409,1600,83,19",
          "words": [
            {
              "boundingBox": "1409,1600,83,19",
              "text": "11615"
            }
          ]
        },
        {
          "boundingBox": "1409,2350,83,19",
          "words": [
            {
              "boundingBox": "1409,2350,83,19",
              "text": "11615"
            }
          ]
        }
      ]
    },
    {
      "boundingBox": "1516,1600,142,19",
      "lines": [
        {
          "boundingBox": "1516,1600,142,19",
          "words": [
            {
              "boundingBox": "1516,1600,85,19",
              "text": "01513"
            },
            {
              "boundingBox": "1645,1600,13,19",
              "text": "2"
            }
          ]
        }
      ]
    },
    {
      "boundingBox": "1698,1546,103,1571",
      "lines": [
        {
          "boundingBox": "1727,1546,74,21",
          "words": [
            {
              "boundingBox": "1727,1546,74,21",
              "text": "25103"
            }
          ]
        },
        {
          "boundingBox": "1713,1576,88,21",
          "words": [
            {
              "boundingBox": "1713,1576,57,21",
              "text": "$2.50"
            },
            {
              "boundingBox": "1777,1582,24,13",
              "text": "ea"
            }
          ]
        },
        {
          "boundingBox": "1698,1602,103,18",
          "words": [
            {
              "boundingBox": "1698,1607,46,13",
              "text": "case"
            },
            {
              "boundingBox": "1751,1602,20,17",
              "text": "of"
            },
            {
              "boundingBox": "1779,1602,22,17",
              "text": "12"
            }
          ]
        },
        {
          "boundingBox": "1727,2296,74,21",
          "words": [
            {
              "boundingBox": "1727,2296,74,21",
              "text": "28103"
            }
          ]
        },
        {
          "boundingBox": "1713,2326,88,21",
          "words": [
            {
              "boundingBox": "1713,2326,57,21",
              "text": "$2.40"
            },
            {
              "boundingBox": "1777,2332,24,13",
              "text": "ea"
            }
          ]
        },
        {
          "boundingBox": "1698,2352,103,18",
          "words": [
            {
              "boundingBox": "1698,2357,46,13",
              "text": "case"
            },
            {
              "boundingBox": "1751,2352,20,17",
              "text": "of"
            },
            {
              "boundingBox": "1779,2352,22,17",
              "text": "12"
            }
          ]
        },
        {
          "boundingBox": "1730,3046,71,21",
          "words": [
            {
              "boundingBox": "1730,3046,71,21",
              "text": "10103"
            }
          ]
        },
        {
          "boundingBox": "1745,3073,56,21",
          "words": [
            {
              "boundingBox": "1745,3073,25,21",
              "text": "$4"
            },
            {
              "boundingBox": "1777,3079,24,13",
              "text": "ea"
            }
          ]
        },
        {
          "boundingBox": "1710,3099,91,18",
          "words": [
            {
              "boundingBox": "1710,3104,47,13",
              "text": "case"
            },
            {
              "boundingBox": "1764,3099,20,17",
              "text": "of"
            },
            {
              "boundingBox": "1789,3099,12,18",
              "text": "6"
            }
          ]
        }
      ]
    },
    {
      "boundingBox": "1951,1600,141,19",
      "lines": [
        {
          "boundingBox": "1951,1600,12,19",
          "words": [
            {
              "boundingBox": "1951,1600,12,19",
              "text": "8"
            }
          ]
        },
        {
          "boundingBox": "2009,1600,83,19",
          "words": [
            {
              "boundingBox": "2009,1600,83,19",
              "text": "11615"
            }
          ]
        }
      ]
    },
    {
      "boundingBox": "2116,1600,142,19",
      "lines": [
        {
          "boundingBox": "2116,1600,142,19",
          "words": [
            {
              "boundingBox": "2116,1600,86,19",
              "text": "01514"
            },
            {
              "boundingBox": "2245,1600,13,19",
              "text": "9"
            }
          ]
        }
      ]
    },
    {
      "boundingBox": "1500,2350,146,476",
      "lines": [
        {
          "boundingBox": "1516,2350,85,19",
          "words": [
            {
              "boundingBox": "1516,2350,85,19",
              "text": "01813"
            }
          ]
        },
        {
          "boundingBox": "1500,2776,146,50",
          "words": [
            {
              "boundingBox": "1500,2776,146,50",
              "text": "Clarity"
            }
          ]
        }
      ]
    },
    {
      "boundingBox": "1646,2350,12,19",
      "lines": [
        {
          "boundingBox": "1646,2350,12,19",
          "words": [
            {
              "boundingBox": "1646,2350,12,19",
              "text": "3"
            }
          ]
        }
      ]
    },
    {
      "boundingBox": "1351,3101,307,18",
      "lines": [
        {
          "boundingBox": "1351,3101,12,18",
          "words": [
            {
              "boundingBox": "1351,3101,12,18",
              "text": "8"
            }
          ]
        },
        {
          "boundingBox": "1407,3101,251,18",
          "words": [
            {
              "boundingBox": "1407,3101,88,18",
              "text": "11615"
            },
            {
              "boundingBox": "1515,3101,88,18",
              "text": "01103"
            },
            {
              "boundingBox": "1645,3101,13,18",
              "text": "5"
            }
          ]
        }
      ]
    },
    {
      "boundingBox": "1951,2350,312,769",
      "lines": [
        {
          "boundingBox": "1951,2350,12,19",
          "words": [
            {
              "boundingBox": "1951,2350,12,19",
              "text": "8"
            }
          ]
        },
        {
          "boundingBox": "2009,2350,249,19",
          "words": [
            {
              "boundingBox": "2009,2350,83,19",
              "text": "11615"
            },
            {
              "boundingBox": "2116,2350,86,19",
              "text": "01814"
            },
            {
              "boundingBox": "2245,2350,13,19",
              "text": "0"
            }
          ]
        },
        {
          "boundingBox": "2098,2774,165,47",
          "words": [
            {
              "boundingBox": "2098,2774,165,47",
              "text": "Healing"
            }
          ]
        },
        {
          "boundingBox": "1951,3101,12,18",
          "words": [
            {
              "boundingBox": "1951,3101,12,18",
              "text": "8"
            }
          ]
        },
        {
          "boundingBox": "2007,3101,251,18",
          "words": [
            {
              "boundingBox": "2007,3101,88,18",
              "text": "11615"
            },
            {
              "boundingBox": "2115,3101,88,18",
              "text": "01104"
            },
            {
              "boundingBox": "2245,3101,13,18",
              "text": "2"
            }
          ]
        }
      ]
    },
    {
      "boundingBox": "2295,1546,104,1679",
      "lines": [
        {
          "boundingBox": "2325,1546,74,21",
          "words": [
            {
              "boundingBox": "2325,1546,74,21",
              "text": "25104"
            }
          ]
        },
        {
          "boundingBox": "2311,1576,88,21",
          "words": [
            {
              "boundingBox": "2311,1576,56,21",
              "text": "$2.50"
            },
            {
              "boundingBox": "2374,1582,25,13",
              "text": "ea"
            }
          ]
        },
        {
          "boundingBox": "2295,1602,104,18",
          "words": [
            {
              "boundingBox": "2295,1607,47,13",
              "text": "case"
            },
            {
              "boundingBox": "2349,1602,20,17",
              "text": "of"
            },
            {
              "boundingBox": "2376,1602,23,17",
              "text": "12"
            }
          ]
        },
        {
          "boundingBox": "2325,2296,74,21",
          "words": [
            {
              "boundingBox": "2325,2296,74,21",
              "text": "28104"
            }
          ]
        },
        {
          "boundingBox": "2311,2326,88,21",
          "words": [
            {
              "boundingBox": "2311,2326,56,21",
              "text": "$2.40"
            },
            {
              "boundingBox": "2374,2332,25,13",
              "text": "ea"
            }
          ]
        },
        {
          "boundingBox": "2295,2352,104,18",
          "words": [
            {
              "boundingBox": "2295,2357,47,13",
              "text": "case"
            },
            {
              "boundingBox": "2349,2352,20,17",
              "text": "of"
            },
            {
              "boundingBox": "2376,2352,23,17",
              "text": "12"
            }
          ]
        },
        {
          "boundingBox": "2328,3046,71,21",
          "words": [
            {
              "boundingBox": "2328,3046,71,21",
              "text": "10104"
            }
          ]
        },
        {
          "boundingBox": "2343,3073,56,21",
          "words": [
            {
              "boundingBox": "2343,3073,24,21",
              "text": "$4"
            },
            {
              "boundingBox": "2374,3079,25,13",
              "text": "ea"
            }
          ]
        },
        {
          "boundingBox": "2308,3099,91,18",
          "words": [
            {
              "boundingBox": "2308,3104,47,13",
              "text": "case"
            },
            {
              "boundingBox": "2362,3099,19,17",
              "text": "of"
            },
            {
              "boundingBox": "2387,3099,12,18",
              "text": "6"
            }
          ]
        },
        {
          "boundingBox": "2359,3195,35,30",
          "words": [
            {
              "boundingBox": "2359,3195,35,30",
              "text": "11"
            }
          ]
        }
      ]
    }
  ]
}