{
  "language": "en",
  "orientation": "Up",
  "textAngle": 0.0,
  "regions": [
    {
      "boundingBox": "151,182,1669,502",
      "lines": [
        {
          "boundingBox": "154,182,1666,105",
          "words": [
            {
              "boundingBox": "154,183,261,104",
              "text": "The"
            },
            {
              "boundingBox": "459,183,607,104",
              "text": "Wellness"
            },
            {
              "boundingBox": "1115,182,705,105",
              "text": "Collection"
            }
          ]
        },
        {
          "boundingBox": "154,384,1018,78",
          "words": [
            {
              "boundingBox": "154,384,281,59",
              "text": "Shower"
            },
            {
              "boundingBox": "457,384,211,59",
              "text": "Burst"
            },
            {
              "boundingBox": "689,384,279,78",
              "text": "Variety"
            },
            {
              "boundingBox": "991,384,181,59",
              "text": "Pack"
            }
          ]
        },
        {
          "boundingBox": "152,487,1047,43",
          "words": [
            {
              "boundingBox": "152,487,137,32",
              "text": "Shower"
            },
            {
              "boundingBox": "308,487,98,32",
              "text": "Burst"
            },
            {
              "boundingBox": "423,487,134,43",
              "text": "Variety"
            },
            {
              "boundingBox": "575,487,100,32",
              "text": "Packs"
            },
            {
              "boundingBox": "695,487,98,32",
              "text": "make"
            },
            {
              "boundingBox": "813,494,93,36",
              "text": "great"
            },
            {
              "boundingBox": "925,487,81,43",
              "text": "gifts."
            },
            {
              "boundingBox": "1027,487,97,43",
              "text": "They"
            },
            {
              "boundingBox": "1143,499,56,20",
              "text": "are"
            }
          ]
        },
        {
          "boundingBox": "151,542,1048,43",
          "words": [
            {
              "boundingBox": "151,542,68,32",
              "text": "also"
            },
            {
              "boundingBox": "236,554,21,20",
              "text": "a"
            },
            {
              "boundingBox": "271,542,60,32",
              "text": "fun"
            },
            {
              "boundingBox": "346,554,74,31",
              "text": "way"
            },
            {
              "boundingBox": "434,542,52,32",
              "text": "for"
            },
            {
              "boundingBox": "499,554,85,31",
              "text": "your"
            },
            {
              "boundingBox": "599,549,182,25",
              "text": "customers"
            },
            {
              "boundingBox": "797,549,35,25",
              "text": "to"
            },
            {
              "boundingBox": "848,549,51,36",
              "text": "try"
            },
            {
              "boundingBox": "914,542,154,32",
              "text": "different"
            },
            {
              "boundingBox": "1082,542,117,32",
              "text": "blends"
            }
          ]
        },
        {
          "boundingBox": "151,597,1049,32",
          "words": [
            {
              "boundingBox": "151,597,69,32",
              "text": "and"
            },
            {
              "boundingBox": "239,597,148,32",
              "text": "discover"
            },
            {
              "boundingBox": "405,597,85,32",
              "text": "their"
            },
            {
              "boundingBox": "508,597,144,32",
              "text": "favorite."
            },
            {
              "boundingBox": "674,597,92,32",
              "text": "Each"
            },
            {
              "boundingBox": "785,597,68,32",
              "text": "box"
            },
            {
              "boundingBox": "870,597,149,32",
              "text": "includes"
            },
            {
              "boundingBox": "1039,609,20,20",
              "text": "a"
            },
            {
              "boundingBox": "1079,597,121,32",
              "text": "Sachet"
            }
          ]
        },
        {
          "boundingBox": "151,652,1048,32",
          "words": [
            {
              "boundingBox": "151,652,69,32",
              "text": "and"
            },
            {
              "boundingBox": "231,652,210,32",
              "text": "instructions"
            },
            {
              "boundingBox": "453,652,52,32",
              "text": "for"
            },
            {
              "boundingBox": "516,664,66,20",
              "text": "use."
            },
            {
              "boundingBox": "606,652,110,32",
              "text": "These"
            },
            {
              "boundingBox": "728,652,102,32",
              "text": "boxes"
            },
            {
              "boundingBox": "841,652,92,32",
              "text": "work"
            },
            {
              "boundingBox": "944,664,34,20",
              "text": "as"
            },
            {
              "boundingBox": "991,652,88,32",
              "text": "shelf"
            },
            {
              "boundingBox": "1092,652,107,32",
              "text": "sellers"
            }
          ]
        }
      ]
    },
    {
      "boundingBox": "151,710,498,350",
      "lines": [
        {
          "boundingBox": "151,710,498,43",
          "words": [
            {
              "boundingBox": "151,710,72,33",
              "text": "that"
            },
            {
              "boundingBox": "234,710,88,33",
              "text": "need"
            },
            {
              "boundingBox": "333,710,79,33",
              "text": "little"
            },
            {
              "boundingBox": "426,710,223,43",
              "text": "explanation."
            }
          ]
        },
        {
          "boundingBox": "168,977,413,36",
          "words": [
            {
              "boundingBox": "168,977,108,36",
              "text": "Cold"
            },
            {
              "boundingBox": "291,977,35,36",
              "text": "&"
            },
            {
              "boundingBox": "340,977,75,36",
              "text": "Flu"
            },
            {
              "boundingBox": "428,977,153,36",
              "text": "Buster"
            }
          ]
        },
        {
          "boundingBox": "212,1029,322,31",
          "words": [
            {
              "boundingBox": "212,1029,171,31",
              "text": "Eucalyptus"
            },
            {
              "boundingBox": "393,1029,23,23",
              "text": "&"
            },
            {
              "boundingBox": "426,1029,108,24",
              "text": "Lemon"
            }
          ]
        }
      ]
    },
    {
      "boundingBox": "780,977,389,83",
      "lines": [
        {
          "boundingBox": "780,977,389,47",
          "words": [
            {
              "boundingBox": "780,978,224,46",
              "text": "Hangover"
            },
            {
              "boundingBox": "1017,977,152,36",
              "text": "Buster"
            }
          ]
        },
        {
          "boundingBox": "811,1029,320,31",
          "words": [
            {
              "boundingBox": "811,1029,119,31",
              "text": "Juniper"
            },
            {
              "boundingBox": "939,1029,23,23",
              "text": "&"
            },
            {
              "boundingBox": "972,1029,159,31",
              "text": "Rosemary"
            }
          ]
        }
      ]
    },
    {
      "boundingBox": "1950,729,449,327",
      "lines": [
        {
          "boundingBox": "1950,729,421,32",
          "words": [
            {
              "boundingBox": "1950,729,121,25",
              "text": "Shower"
            },
            {
              "boundingBox": "2081,729,85,25",
              "text": "Burst"
            },
            {
              "boundingBox": "2175,729,109,32",
              "text": "Variety"
            },
            {
              "boundingBox": "2296,729,75,25",
              "text": "Pack"
            }
          ]
        },
        {
          "boundingBox": "2324,766,75,21",
          "words": [
            {
              "boundingBox": "2324,766,75,21",
              "text": "25610"
            }
          ]
        },
        {
          "boundingBox": "1950,820,12,19",
          "words": [
            {
              "boundingBox": "1950,820,12,19",
              "text": "8"
            }
          ]
        },
        {
          "boundingBox": "2008,820,390,20",
          "words": [
            {
              "boundingBox": "2008,820,83,19",
              "text": "11615"
            },
            {
              "boundingBox": "2115,820,87,19",
              "text": "01569"
            },
            {
              "boundingBox": "2245,820,12,19",
              "text": "9"
            },
            {
              "boundingBox": "2307,822,91,18",
              "text": "caseof6"
            }
          ]
        },
        {
          "boundingBox": "2023,966,305,36",
          "words": [
            {
              "boundingBox": "2023,966,138,36",
              "text": "Stress"
            },
            {
              "boundingBox": "2176,967,152,35",
              "text": "Buster"
            }
          ]
        },
        {
          "boundingBox": "1963,1025,422,31",
          "words": [
            {
              "boundingBox": "1963,1025,191,31",
              "text": "Lernongrass"
            },
            {
              "boundingBox": "2164,1025,23,24",
              "text": "&"
            },
            {
              "boundingBox": "2197,1025,90,31",
              "text": "Ylang"
            },
            {
              "boundingBox": "2295,1025,90,31",
              "text": "Ylang"
            }
          ]
        }
      ]
    },
    {
      "boundingBox": "1377,977,394,417",
      "lines": [
        {
          "boundingBox": "1377,977,394,36",
          "words": [
            {
              "boundingBox": "1377,977,228,36",
              "text": "Headache"
            },
            {
              "boundingBox": "1619,977,152,36",
              "text": "Buster"
            }
          ]
        },
        {
          "boundingBox": "1407,1029,333,31",
          "words": [
            {
              "boundingBox": "1407,1029,183,31",
              "text": "Peppermint"
            },
            {
              "boundingBox": "1600,1029,23,23",
              "text": "&"
            },
            {
              "boundingBox": "1632,1029,108,24",
              "text": "Lemon"
            }
          ]
        },
        {
          "boundingBox": "1428,1358,102,36",
          "words": [
            {
              "boundingBox": "1428,1358,102,36",
              "text": "'ti$!Jiili"
            }
          ]
        }
      ]
    },
    {
      "boundingBox": "1824,1154,378,465",
      "lines": [
        {
          "boundingBox": "1824,1154,137,45",
          "words": [
            {
              "boundingBox": "1824,1154,137,45",
              "text": "Selle't!"
            }
          ]
        },
        {
          "boundingBox": "1951,1600,12,19",
          "words": [
            {
              "boundingBox": "1951,1600,12,19",
              "text": "8"
            }
          ]
        },
        {
          "boundingBox": "2009,1600,193,19",
          "words": [
            {
              "boundingBox": "2009,1600,83,19",
              "text": "11615"
            },
            {
              "boundingBox": "2116,1600,86,19",
              "text": "01566"
            }
          ]
        }
      ]
    },
    {
      "boundingBox": "151,1600,342,1519",
      "lines": [
        {
          "boundingBox": "151,1600,12,19",
          "words": [
            {
              "boundingBox": "151,1600,12,19",
              "text": "8"
            }
          ]
        },
        {
          "boundingBox": "209,1600,249,19",
          "words": [
            {
              "boundingBox": "209,1600,83,19",
              "text": "11615"
            },
            {
              "boundingBox": "316,1600,85,19",
              "text": "01562"
            },
            {
              "boundingBox": "445,1600,13,19",
              "text": "0"
            }
          ]
        },
        {
          "boundingBox": "151,2350,12,19",
          "words": [
            {
              "boundingBox": "151,2350,12,19",
              "text": "8"
            }
          ]
        },
        {
          "boundingBox": "209,2350,192,19",
          "words": [
            {
              "boundingBox": "209,2350,83,19",
              "text": "11615"
            },
            {
              "boundingBox": "316,2350,85,19",
              "text": "01862"
            }
          ]
        },
        {
          "boundingBox": "447,2350,11,19",
          "words": [
            {
              "boundingBox": "447,2350,11,19",
              "text": "1"
            }
          ]
        },
        {
          "boundingBox": "337,2700,69,27",
          "words": [
            {
              "boundingBox": "337,2700,69,27",
              "text": "hydra"
            }
          ]
        },
        {
          "boundingBox": "261,2804,232,39",
          "words": [
            {
              "boundingBox": "261,2804,109,39",
              "text": "COLD"
            },
            {
              "boundingBox": "415,2804,78,39",
              "text": "FLU"
            }
          ]
        },
        {
          "boundingBox": "298,2849,153,36",
          "words": [
            {
              "boundingBox": "298,2849,153,36",
              "text": "BUSTER"
            }
          ]
        },
        {
          "boundingBox": "346,2906,63,27",
          "words": [
            {
              "boundingBox": "346,2906,63,27",
              "text": "VOi.1tE"
            }
          ]
        },
        {
          "boundingBox": "151,3100,12,19",
          "words": [
            {
              "boundingBox": "151,3100,12,19",
              "text": "8"
            }
          ]
        },
        {
          "boundingBox": "209,3100,249,19",
          "words": [
            {
              "boundingBox": "209,3100,83,19",
              "text": "11615"
            },
            {
              "boundingBox": "316,3100,85,19",
              "text": "01362"
            },
            {
              "boundingBox": "445,3100,13,19",
              "text": "6"
            }
          ]
        }
      ]
    },
    {
      "boundingBox": "495,1546,104,1574",
      "lines": [
        {
          "boundingBox": "525,1546,74,21",
          "words": [
            {
              "boundingBox": "525,1546,74,21",
              "text": "25602"
            }
          ]
        },
        {
          "boundingBox": "511,1576,88,21",
          "words": [
            {
              "boundingBox": "511,1576,56,21",
              "text": "$2.50"
            },
            {
              "boundingBox": "574,1582,25,13",
              "text": "ea"
            }
          ]
        },
        {
          "boundingBox": "495,1602,104,18",
          "words": [
            {
              "boundingBox": "495,1607,47,13",
              "text": "case"
            },
            {
              "boundingBox": "549,1602,20,17",
              "text": "of"
            },
            {
              "boundingBox": "576,1602,23,17",
              "text": "12"
            }
          ]
        },
        {
          "boundingBox": "525,2296,74,21",
          "words": [
            {
              "boundingBox": "525,2296,74,21",
              "text": "28602"
            }
          ]
        },
        {
          "boundingBox": "511,2326,88,21",
          "words": [
            {
              "boundingBox": "511,2326,56,21",
              "text": "$2.40"
            },
            {
              "boundingBox": "574,2332,25,13",
              "text": "ea"
            }
          ]
        },
        {
          "boundingBox": "495,2352,104,18",
          "words": [
            {
              "boundingBox": "495,2357,47,13",
              "text": "case"
            },
            {
              "boundingBox": "549,2352,20,17",
              "text": "of"
            },
            {
              "boundingBox": "576,2352,23,17",
              "text": "12"
            }
          ]
        },
        {
          "boundingBox": "526,3046,73,21",
          "words": [
            {
              "boundingBox": "526,3046,73,21",
              "text": "36602"
            }
          ]
        },
        {
          "boundingBox": "511,3076,88,21",
          "words": [
            {
              "boundingBox": "511,3076,56,21",
              "text": "$4.75"
            },
            {
              "boundingBox": "574,3082,25,13",
              "text": "ea"
            }
          ]
        },
        {
          "boundingBox": "508,3102,91,18",
          "words": [
            {
              "boundingBox": "508,3107,47,13",
              "text": "case"
            },
            {
              "boundingBox": "562,3102,19,17",
              "text": "of"
            },
            {
              "boundingBox": "587,3102,12,18",
              "text": "6"
            }
          ]
        }
      ]
    },
    {
      "boundingBox": "751,1600,12,769",
      "lines": [
        {
          "boundingBox": "751,1600,12,19",
          "words": [
            {
              "boundingBox": "751,1600,12,19",
              "text": "8"
            }
          ]
        },
        {
          "boundingBox": "751,2350,12,19",
          "words": [
            {
              "boundingBox": "751,2350,12,19",
              "text": "8"
            }
          ]
        }
      ]
    },
    {
      "boundingBox": "809,1600,192,19",
      "lines": [
        {
          "boundingBox": "809,1600,192,19",
          "words": [
            {
              "boundingBox": "809,1600,83,19",
              "text": "11615"
            },
            {
              "boundingBox": "916,1600,85,19",
              "text": "01563"
            }
          ]
        }
      ]
    },
    {
      "boundingBox": "1045,1601,13,768",
      "lines": [
        {
          "boundingBox": "1046,1601,12,18",
          "words": [
            {
              "boundingBox": "1046,1601,12,18",
              "text": "7"
            }
          ]
        },
        {
          "boundingBox": "1045,2350,13,19",
          "words": [
            {
              "boundingBox": "1045,2350,13,19",
              "text": "8"
            }
          ]
        }
      ]
    },
    {
      "boundingBox": "1095,1546,104,1574",
      "lines": [
        {
          "boundingBox": "1125,1546,74,21",
          "words": [
            {
              "boundingBox": "1125,1546,74,21",
              "text": "25603"
            }
          ]
        },
        {
          "boundingBox": "1111,1576,88,21",
          "words": [
            {
              "boundingBox": "1111,1576,56,21",
              "text": "$2.50"
            },
            {
              "boundingBox": "1174,1582,25,13",
              "text": "ea"
            }
          ]
        },
        {
          "boundingBox": "1095,1602,104,18",
          "words": [
            {
              "boundingBox": "1095,1607,47,13",
              "text": "case"
            },
            {
              "boundingBox": "1149,1602,20,17",
              "text": "of"
            },
            {
              "boundingBox": "1176,1602,23,17",
              "text": "12"
            }
          ]
        },
        {
          "boundingBox": "1125,2296,74,21",
          "words": [
            {
              "boundingBox": "1125,2296,74,21",
              "text": "28603"
            }
          ]
        },
        {
          "boundingBox": "1111,2326,88,21",
          "words": [
            {
              "boundingBox": "1111,2326,56,21",
              "text": "$2.40"
            },
            {
              "boundingBox": "1174,2332,25,13",
              "text": "ea"
            }
          ]
        },
        {
          "boundingBox": "1095,2352,104,18",
          "words": [
            {
              "boundingBox": "1095,2357,47,13",
              "text": "case"
            },
            {
              "boundingBox": "1149,2352,20,17",
              "text": "of"
            },
            {
              "boundingBox": "1176,2352,23,17",
              "text": "12"
            }
          ]
        },
        {
          "boundingBox": "1126,3046,73,21",
          "words": [
            {
              "boundingBox": "1126,3046,73,21",
              "text": "36603"
            }
          ]
        },
        {
          "boundingBox": "1111,3076,88,21",
          "words": [
            {
              "boundingBox": "1111,3076,56,21",
              "text": "$4.75"
            },
            {
              "boundingBox": "1174,3082,25,13",
              "text": "ea"
            }
          ]
        },
        {
          "boundingBox": "1108,3102,91,18",
          "words": [
            {
              "boundingBox": "1108,3107,47,13",
              "text": "case"
            },
            {
              "boundingBox": "1162,3102,19,17",
              "text": "of"
            },
            {
              "boundingBox": "1187,3102,12,18",
              "text": "6"
            }
          ]
        }
      ]
    },
    {
      "boundingBox": "1351,1600,251,1133",
      "lines": [
        {
          "boundingBox": "1351,1600,12,19",
          "words": [
            {
              "boundingBox": "1351,1600,12,19",
              "text": "8"
            }
          ]
        },
        {
          "boundingBox": "1409,1600,193,19",
          "words": [
            {
              "boundingBox": "1409,1600,83,19",
              "text": "11615"
            },
            {
              "boundingBox": "1516,1600,86,19",
              "text": "01564"
            }
          ]
        },
        {
          "boundingBox": "1351,2350,12,19",
          "words": [
            {
              "boundingBox": "1351,2350,12,19",
              "text": "8"
            }
          ]
        },
        {
          "boundingBox": "1409,2350,193,19",
          "words": [
            {
              "boundingBox": "1409,2350,83,19",
              "text": "11615"
            },
            {
              "boundingBox": "1516,2350,86,19",
              "text": "01864"
            }
          ]
        },
        {
          "boundingBox": "1527,2707,72,26",
          "words": [
            {
              "boundingBox": "1527,2707,72,26",
              "text": "hydn"
            }
          ]
        }
      ]
    },
    {
      "boundingBox": "1645,1601,13,768",
      "lines": [
        {
          "boundingBox": "1645,1601,13,18",
          "words": [
            {
              "boundingBox": "1645,1601,13,18",
              "text": "4"
            }
          ]
        },
        {
          "boundingBox": "1646,2351,12,18",
          "words": [
            {
              "boundingBox": "1646,2351,12,18",
              "text": "5"
            }
          ]
        }
      ]
    },
    {
      "boundingBox": "1695,1546,104,1574",
      "lines": [
        {
          "boundingBox": "1725,1546,74,21",
          "words": [
            {
              "boundingBox": "1725,1546,74,21",
              "text": "25604"
            }
          ]
        },
        {
          "boundingBox": "1711,1576,88,21",
          "words": [
            {
              "boundingBox": "1711,1576,56,21",
              "text": "$2.50"
            },
            {
              "boundingBox": "1774,1582,25,13",
              "text": "ea"
            }
          ]
        },
        {
          "boundingBox": "1695,1602,104,18",
          "words": [
            {
              "boundingBox": "1695,1607,47,13",
              "text": "case"
            },
            {
              "boundingBox": "1749,1602,20,17",
              "text": "of"
            },
            {
              "boundingBox": "1776,1602,23,17",
              "text": "12"
            }
          ]
        },
        {
          "boundingBox": "1725,2296,74,21",
          "words": [
            {
              "boundingBox": "1725,2296,74,21",
              "text": "28604"
            }
          ]
        },
        {
          "boundingBox": "1711,2326,88,21",
          "words": [
            {
              "boundingBox": "1711,2326,56,21",
              "text": "$2.40"
            },
            {
              "boundingBox": "1774,2332,25,13",
              "text": "ea"
            }
          ]
        },
        {
          "boundingBox": "1695,2352,104,18",
          "words": [
            {
              "boundingBox": "1695,2357,47,13",
              "text": "case"
            },
            {
              "boundingBox": "1749,2352,20,17",
              "text": "of"
            },
            {
              "boundingBox": "1776,2352,23,17",
              "text": "12"
            }
          ]
        },
        {
          "boundingBox": "1726,3046,73,21",
          "words": [
            {
              "boundingBox": "1726,3046,73,21",
              "text": "36604"
            }
          ]
        },
        {
          "boundingBox": "1711,3076,88,21",
          "words": [
            {
              "boundingBox": "1711,3076,56,21",
              "text": "$4.75"
            },
            {
              "boundingBox": "1774,3082,25,13",
              "text": "ea"
            }
          ]
        },
        {
          "boundingBox": "1708,3102,91,18",
          "words": [
            {
              "boundingBox": "1708,3107,47,13",
              "text": "case"
            },
            {
              "boundingBox": "1762,3102,19,17",
              "text": "of"
            },
            {
              "boundingBox": "1787,3102,12,18",
              "text": "6"
            }
          ]
        }
      ]
    },
    {
      "boundingBox": "2245,1600,13,19",
      "lines": [
        {
          "boundingBox": "2245,1600,13,19",
          "words": [
            {
              "boundingBox": "2245,1600,13,19",
              "text": "8"
            }
          ]
        }
      ]
    },
    {
      "boundingBox": "809,2350,83,19",
      "lines": [
        {
          "boundingBox": "809,2350,83,19",
          "words": [
            {
              "boundingBox": "809,2350,83,19",
              "text": "11615"
            }
          ]
        }
      ]
    },
    {
      "boundingBox": "916,2350,85,19",
      "lines": [
        {
          "boundingBox": "916,2350,85,19",
          "words": [
            {
              "boundingBox": "916,2350,85,19",
              "text": "01863"
            }
          ]
        }
      ]
    },
    {
      "boundingBox": "857,2798,224,126",
      "lines": [
        {
          "boundingBox": "857,2798,224,42",
          "words": [
            {
              "boundingBox": "857,2798,224,42",
              "text": "HANGOVER"
            }
          ]
        },
        {
          "boundingBox": "893,2843,149,36",
          "words": [
            {
              "boundingBox": "893,2843,149,36",
              "text": "BUSTER"
            }
          ]
        },
        {
          "boundingBox": "938,2900,65,24",
          "words": [
            {
              "boundingBox": "938,2900,65,24",
              "text": "point"
            }
          ]
        }
      ]
    },
    {
      "boundingBox": "754,3100,250,19",
      "lines": [
        {
          "boundingBox": "754,3100,12,19",
          "words": [
            {
              "boundingBox": "754,3100,12,19",
              "text": "8"
            }
          ]
        },
        {
          "boundingBox": "812,3100,192,19",
          "words": [
            {
              "boundingBox": "812,3100,83,19",
              "text": "11615"
            },
            {
              "boundingBox": "919,3100,85,19",
              "text": "01363"
            }
          ]
        }
      ]
    },
    {
      "boundingBox": "1049,3100,12,19",
      "lines": [
        {
          "boundingBox": "1049,3100,12,19",
          "words": [
            {
              "boundingBox": "1049,3100,12,19",
              "text": "3"
            }
          ]
        }
      ]
    },
    {
      "boundingBox": "1351,2805,328,314",
      "lines": [
        {
          "boundingBox": "1459,2805,220,42",
          "words": [
            {
              "boundingBox": "1459,2805,220,42",
              "text": "HEADACHE"
            }
          ]
        },
        {
          "boundingBox": "1495,2853,149,36",
          "words": [
            {
              "boundingBox": "1495,2853,149,36",
              "text": "BUSTER"
            }
          ]
        },
        {
          "boundingBox": "1467,2909,63,27",
          "words": [
            {
              "boundingBox": "1467,2909,63,27",
              "text": "pubs."
            }
          ]
        },
        {
          "boundingBox": "1351,3100,12,19",
          "words": [
            {
              "boundingBox": "1351,3100,12,19",
              "text": "8"
            }
          ]
        },
        {
          "boundingBox": "1409,3100,249,19",
          "words": [
            {
              "boundingBox": "1409,3100,83,19",
              "text": "11615"
            },
            {
              "boundingBox": "1516,3100,86,19",
              "text": "01364"
            },
            {
              "boundingBox": "1645,3100,13,19",
              "text": "0"
            }
          ]
        }
      ]
    },
    {
      "boundingBox": "1951,2350,307,769",
      "lines": [
        {
          "boundingBox": "1951,2350,12,19",
          "words": [
            {
              "boundingBox": "1951,2350,12,19",
              "text": "8"
            }
          ]
        },
        {
          "boundingBox": "2009,2350,249,19",
          "words": [
            {
              "boundingBox": "2009,2350,83,19",
              "text": "11615"
            },
            {
              "boundingBox": "2116,2350,86,19",
              "text": "01866"
            },
            {
              "boundingBox": "2245,2350,13,19",
              "text": "9"
            }
          ]
        },
        {
          "boundingBox": "2131,2703,68,27",
          "words": [
            {
              "boundingBox": "2131,2703,68,27",
              "text": "hydra"
            }
          ]
        },
        {
          "boundingBox": "2098,2805,143,36",
          "words": [
            {
              "boundingBox": "2098,2805,143,36",
              "text": "STRESS"
            }
          ]
        },
        {
          "boundingBox": "2095,2847,149,36",
          "words": [
            {
              "boundingBox": "2095,2847,149,36",
              "text": "BUSIER"
            }
          ]
        },
        {
          "boundingBox": "1951,3100,12,19",
          "words": [
            {
              "boundingBox": "1951,3100,12,19",
              "text": "8"
            }
          ]
        },
        {
          "boundingBox": "2009,3100,249,19",
          "words": [
            {
              "boundingBox": "2009,3100,83,19",
              "text": "11615"
            },
            {
              "boundingBox": "2116,3100,13,19",
              "text": "0"
            },
            {
              "boundingBox": "2137,3100,65,19",
              "text": "1366"
            },
            {
              "boundingBox": "2245,3101,13,18",
              "text": "4"
            }
          ]
        }
      ]
    },
    {
      "boundingBox": "2295,1546,104,1680",
      "lines": [
        {
          "boundingBox": "2325,1546,74,21",
          "words": [
            {
              "boundingBox": "2325,1546,74,21",
              "text": "25606"
            }
          ]
        },
        {
          "boundingBox": "2311,1576,88,21",
          "words": [
            {
              "boundingBox": "2311,1576,56,21",
              "text": "$2.50"
            },
            {
              "boundingBox": "2374,1582,25,13",
              "text": "ea"
            }
          ]
        },
        {
          "boundingBox": "2295,1602,104,18",
          "words": [
            {
              "boundingBox": "2295,1607,47,13",
              "text": "case"
            },
            {
              "boundingBox": "2349,1602,20,17",
              "text": "of"
            },
            {
              "boundingBox": "2376,1602,23,17",
              "text": "12"
            }
          ]
        },
        {
          "boundingBox": "2325,2296,74,21",
          "words": [
            {
              "boundingBox": "2325,2296,74,21",
              "text": "28606"
            }
          ]
        },
        {
          "boundingBox": "2311,2326,88,21",
          "words": [
            {
              "boundingBox": "2311,2326,56,21",
              "text": "$2.40"
            },
            {
              "boundingBox": "2374,2332,25,13",
              "text": "ea"
            }
          ]
        },
        {
          "boundingBox": "2295,2352,104,18",
          "words": [
            {
              "boundingBox": "2295,2357,47,13",
              "text": "case"
            },
            {
              "boundingBox": "2349,2352,20,17",
              "text": "of"
            },
            {
              "boundingBox": "2376,2352,23,17",
              "text": "12"
            }
          ]
        },
        {
          "boundingBox": "2326,3046,73,21",
          "words": [
            {
              "boundingBox": "2326,3046,73,21",
              "text": "36606"
            }
          ]
        },
        {
          "boundingBox": "2311,3076,88,21",
          "words": [
            {
              "boundingBox": "2311,3076,56,21",
              "text": "$4.75"
            },
            {
              "boundingBox": "2374,3082,25,13",
              "text": "ea"
            }
          ]
        },
        {
          "boundingBox": "2308,3102,91,18",
          "words": [
            {
              "boundingBox": "2308,3107,47,13",
              "text": "case"
            },
            {
              "boundingBox": "2362,3102,19,17",
              "text": "of"
            },
            {
              "boundingBox": "2387,3102,12,18",
              "text": "6"
            }
          ]
        },
        {
          "boundingBox": "2357,3195,42,31",
          "words": [
            {
              "boundingBox": "2357,3195,42,31",
              "text": "13"
            }
          ]
        }
      ]
    }
  ]
}