{
  "language": "en",
  "orientation": "Up",
  "textAngle": 0.0,
  "regions": [
    {
      "boundingBox": "150,384,2248,1204",
      "lines": [
        {
          "boundingBox": "1006,384,78,24",
          "words": [
            {
              "boundingBox": "1006,384,78,24",
              "text": "So»k"
            }
          ]
        },
        {
          "boundingBox": "159,732,2105,71",
          "words": [
            {
              "boundingBox": "159,732,279,53",
              "text": "Whether"
            },
            {
              "boundingBox": "442,752,136,51",
              "text": "you"
            },
            {
              "boundingBox": "599,732,161,53",
              "text": "need"
            },
            {
              "boundingBox": "778,752,82,33",
              "text": "an"
            },
            {
              "boundingBox": "881,752,222,51",
              "text": "energy"
            },
            {
              "boundingBox": "1128,732,180,53",
              "text": "boost"
            },
            {
              "boundingBox": "1327,752,74,33",
              "text": "or"
            },
            {
              "boundingBox": "1418,752,182,33",
              "text": "sorne"
            },
            {
              "boundingBox": "1619,732,246,53",
              "text": "serious"
            },
            {
              "boundingBox": "1886,732,188,53",
              "text": "down"
            },
            {
              "boundingBox": "2095,732,169,66",
              "text": "time,"
            }
          ]
        },
        {
          "boundingBox": "151,823,2247,71",
          "words": [
            {
              "boundingBox": "151,823,103,53",
              "text": "the"
            },
            {
              "boundingBox": "273,823,286,71",
              "text": "Lifestyle"
            },
            {
              "boundingBox": "585,823,337,53",
              "text": "Collection"
            },
            {
              "boundingBox": "943,823,180,71",
              "text": "offers"
            },
            {
              "boundingBox": "1144,823,102,53",
              "text": "the"
            },
            {
              "boundingBox": "1256,823,241,71",
              "text": "perfect"
            },
            {
              "boundingBox": "1517,823,482,71",
              "text": "aromatherapy"
            },
            {
              "boundingBox": "2022,823,376,70",
              "text": "experience."
            }
          ]
        },
        {
          "boundingBox": "155,1011,590,67",
          "words": [
            {
              "boundingBox": "155,1011,323,67",
              "text": "Shower"
            },
            {
              "boundingBox": "503,1011,242,67",
              "text": "Burst"
            }
          ]
        },
        {
          "boundingBox": "152,1118,1083,35",
          "words": [
            {
              "boundingBox": "152,1118,112,27",
              "text": "Shower"
            },
            {
              "boundingBox": "274,1118,92,27",
              "text": "Bursts"
            },
            {
              "boundingBox": "377,1118,148,27",
              "text": "transform"
            },
            {
              "boundingBox": "534,1128,70,25",
              "text": "your"
            },
            {
              "boundingBox": "614,1118,106,27",
              "text": "shower"
            },
            {
              "boundingBox": "730,1118,58,27",
              "text": "into"
            },
            {
              "boundingBox": "800,1128,36,17",
              "text": "an"
            },
            {
              "boundingBox": "847,1118,211,35",
              "text": "aromatherapy"
            },
            {
              "boundingBox": "1068,1118,167,35",
              "text": "experience."
            }
          ]
        },
        {
          "boundingBox": "150,1163,1087,35",
          "words": [
            {
              "boundingBox": "150,1163,87,27",
              "text": "Made"
            },
            {
              "boundingBox": "249,1163,66,27",
              "text": "with"
            },
            {
              "boundingBox": "328,1163,154,27",
              "text": "all-natural"
            },
            {
              "boundingBox": "493,1163,165,35",
              "text": "ingredients"
            },
            {
              "boundingBox": "672,1163,56,27",
              "text": "and"
            },
            {
              "boundingBox": "739,1173,68,25",
              "text": "pure"
            },
            {
              "boundingBox": "820,1163,124,27",
              "text": "essential"
            },
            {
              "boundingBox": "956,1163,56,33",
              "text": "oils,"
            },
            {
              "boundingBox": "1026,1163,63,35",
              "text": "they"
            },
            {
              "boundingBox": "1101,1173,46,17",
              "text": "are"
            },
            {
              "boundingBox": "1160,1173,17,17",
              "text": "a"
            },
            {
              "boundingBox": "1188,1163,49,27",
              "text": "fun"
            }
          ]
        },
        {
          "boundingBox": "150,1208,1088,35",
          "words": [
            {
              "boundingBox": "150,1218,60,25",
              "text": "way"
            },
            {
              "boundingBox": "220,1213,28,22",
              "text": "to"
            },
            {
              "boundingBox": "259,1208,81,35",
              "text": "enjoy"
            },
            {
              "boundingBox": "350,1208,210,35",
              "text": "aromatherapy"
            },
            {
              "boundingBox": "570,1218,79,25",
              "text": "every"
            },
            {
              "boundingBox": "659,1208,56,35",
              "text": "day."
            },
            {
              "boundingBox": "727,1208,39,27",
              "text": "To"
            },
            {
              "boundingBox": "777,1218,55,23",
              "text": "use,"
            },
            {
              "boundingBox": "843,1218,114,25",
              "text": "unwrap"
            },
            {
              "boundingBox": "970,1208,112,27",
              "text": "Shower"
            },
            {
              "boundingBox": "1091,1208,81,27",
              "text": "Burst"
            },
            {
              "boundingBox": "1181,1208,57,27",
              "text": "and"
            }
          ]
        },
        {
          "boundingBox": "150,1253,1087,35",
          "words": [
            {
              "boundingBox": "150,1253,78,35",
              "text": "place"
            },
            {
              "boundingBox": "240,1263,37,17",
              "text": "on"
            },
            {
              "boundingBox": "289,1263,17,17",
              "text": "a"
            },
            {
              "boundingBox": "317,1253,61,27",
              "text": "dish"
            },
            {
              "boundingBox": "389,1263,32,17",
              "text": "or"
            },
            {
              "boundingBox": "432,1253,28,26",
              "text": "in"
            },
            {
              "boundingBox": "472,1263,17,17",
              "text": "a"
            },
            {
              "boundingBox": "501,1253,99,27",
              "text": "sachet."
            },
            {
              "boundingBox": "612,1253,61,27",
              "text": "Wet"
            },
            {
              "boundingBox": "683,1253,96,35",
              "text": "briefly"
            },
            {
              "boundingBox": "789,1258,28,22",
              "text": "to"
            },
            {
              "boundingBox": "830,1253,120,27",
              "text": "activate."
            },
            {
              "boundingBox": "964,1253,87,35",
              "text": "Enjoy"
            },
            {
              "boundingBox": "1062,1253,42,27",
              "text": "for"
            },
            {
              "boundingBox": "1115,1253,122,35",
              "text": "multiple"
            }
          ]
        },
        {
          "boundingBox": "151,1298,448,27",
          "words": [
            {
              "boundingBox": "151,1298,117,27",
              "text": "showers"
            },
            {
              "boundingBox": "279,1298,56,27",
              "text": "and"
            },
            {
              "boundingBox": "345,1303,94,22",
              "text": "re-wet"
            },
            {
              "boundingBox": "449,1298,68,27",
              "text": "each"
            },
            {
              "boundingBox": "527,1298,72,27",
              "text": "time,"
            }
          ]
        },
        {
          "boundingBox": "154,1362,1080,35",
          "words": [
            {
              "boundingBox": "154,1362,60,26",
              "text": "The"
            },
            {
              "boundingBox": "226,1362,127,26",
              "text": "Shower"
            },
            {
              "boundingBox": "363,1362,93,26",
              "text": "Burst"
            },
            {
              "boundingBox": "467,1362,116,26",
              "text": "Starter"
            },
            {
              "boundingBox": "595,1362,50,26",
              "text": "Set"
            },
            {
              "boundingBox": "656,1362,140,26",
              "text": "includes"
            },
            {
              "boundingBox": "807,1362,40,26",
              "text": "36"
            },
            {
              "boundingBox": "852,1362,107,35",
              "text": "pieces"
            },
            {
              "boundingBox": "971,1362,76,26",
              "text": "each"
            },
            {
              "boundingBox": "1059,1362,37,35",
              "text": "of"
            },
            {
              "boundingBox": "1101,1362,19,26",
              "text": "4"
            },
            {
              "boundingBox": "1131,1362,103,35",
              "text": "styles,"
            }
          ]
        },
        {
          "boundingBox": "150,1407,1087,35",
          "words": [
            {
              "boundingBox": "150,1407,19,26",
              "text": "4"
            },
            {
              "boundingBox": "178,1407,88,35",
              "text": "glass"
            },
            {
              "boundingBox": "279,1407,122,35",
              "text": "display"
            },
            {
              "boundingBox": "408,1407,72,35",
              "text": "jars"
            },
            {
              "boundingBox": "493,1407,65,26",
              "text": "and"
            },
            {
              "boundingBox": "570,1416,19,17",
              "text": "a"
            },
            {
              "boundingBox": "603,1407,126,26",
              "text": "Shower"
            },
            {
              "boundingBox": "741,1407,93,26",
              "text": "Burst"
            },
            {
              "boundingBox": "847,1407,78,35",
              "text": "Sign."
            },
            {
              "boundingBox": "938,1407,74,26",
              "text": "Also"
            },
            {
              "boundingBox": "1026,1407,146,26",
              "text": "included"
            },
            {
              "boundingBox": "1184,1416,53,17",
              "text": "are"
            }
          ]
        },
        {
          "boundingBox": "150,1452,1023,35",
          "words": [
            {
              "boundingBox": "150,1452,19,27",
              "text": "2"
            },
            {
              "boundingBox": "178,1452,123,26",
              "text": "How-to"
            },
            {
              "boundingBox": "315,1452,126,33",
              "text": "Tablets,"
            },
            {
              "boundingBox": "453,1452,38,27",
              "text": "24"
            },
            {
              "boundingBox": "505,1452,93,26",
              "text": "White"
            },
            {
              "boundingBox": "609,1452,125,26",
              "text": "Sachets"
            },
            {
              "boundingBox": "744,1452,65,26",
              "text": "and"
            },
            {
              "boundingBox": "817,1461,41,17",
              "text": "an"
            },
            {
              "boundingBox": "867,1452,156,26",
              "text": "Essential"
            },
            {
              "boundingBox": "1033,1452,52,26",
              "text": "Oil"
            },
            {
              "boundingBox": "1095,1452,78,35",
              "text": "Sign."
            }
          ]
        },
        {
          "boundingBox": "798,1521,393,25",
          "words": [
            {
              "boundingBox": "798,1521,120,25",
              "text": "Shower"
            },
            {
              "boundingBox": "928,1521,85,25",
              "text": "Burst"
            },
            {
              "boundingBox": "1023,1521,108,25",
              "text": "Starter"
            },
            {
              "boundingBox": "1140,1521,51,25",
              "text": "Set"
            }
          ]
        },
        {
          "boundingBox": "1146,1563,90,25",
          "words": [
            {
              "boundingBox": "1146,1563,90,25",
              "text": "25012"
            }
          ]
        }
      ]
    },
    {
      "boundingBox": "152,1603,887,174",
      "lines": [
        {
          "boundingBox": "975,1603,64,17",
          "words": [
            {
              "boundingBox": "975,1603,64,17",
              "text": "01502"
            }
          ]
        },
        {
          "boundingBox": "152,1709,757,68",
          "words": [
            {
              "boundingBox": "152,1710,239,67",
              "text": "Pulse"
            },
            {
              "boundingBox": "420,1709,229,68",
              "text": "Point"
            },
            {
              "boundingBox": "675,1710,234,66",
              "text": "Balin"
            }
          ]
        }
      ]
    },
    {
      "boundingBox": "1178,1597,59,25",
      "lines": [
        {
          "boundingBox": "1178,1597,59,25",
          "words": [
            {
              "boundingBox": "1178,1597,59,25",
              "text": "$425"
            }
          ]
        }
      ]
    },
    {
      "boundingBox": "150,1818,1088,171",
      "lines": [
        {
          "boundingBox": "151,1818,1086,36",
          "words": [
            {
              "boundingBox": "151,1818,77,27",
              "text": "Pulse"
            },
            {
              "boundingBox": "237,1818,78,27",
              "text": "Point"
            },
            {
              "boundingBox": "323,1818,91,27",
              "text": "Balms"
            },
            {
              "boundingBox": "424,1828,52,17",
              "text": "can"
            },
            {
              "boundingBox": "484,1818,36,27",
              "text": "be"
            },
            {
              "boundingBox": "529,1818,111,36",
              "text": "applied"
            },
            {
              "boundingBox": "648,1824,28,21",
              "text": "to"
            },
            {
              "boundingBox": "685,1818,91,34",
              "text": "wrists,"
            },
            {
              "boundingBox": "787,1818,113,36",
              "text": "temples"
            },
            {
              "boundingBox": "910,1818,56,27",
              "text": "and"
            },
            {
              "boundingBox": "975,1818,79,27",
              "text": "other"
            },
            {
              "boundingBox": "1061,1818,77,36",
              "text": "pulse"
            },
            {
              "boundingBox": "1146,1818,91,36",
              "text": "points"
            }
          ]
        },
        {
          "boundingBox": "150,1863,1087,36",
          "words": [
            {
              "boundingBox": "150,1863,169,36",
              "text": "throughout"
            },
            {
              "boundingBox": "335,1863,46,27",
              "text": "the"
            },
            {
              "boundingBox": "399,1863,55,36",
              "text": "day."
            },
            {
              "boundingBox": "488,1863,38,27",
              "text": "As"
            },
            {
              "boundingBox": "542,1873,69,26",
              "text": "your"
            },
            {
              "boundingBox": "628,1863,58,27",
              "text": "skin"
            },
            {
              "boundingBox": "702,1873,100,17",
              "text": "warms"
            },
            {
              "boundingBox": "819,1863,46,27",
              "text": "the"
            },
            {
              "boundingBox": "882,1863,84,34",
              "text": "balm,"
            },
            {
              "boundingBox": "985,1863,123,27",
              "text": "essential"
            },
            {
              "boundingBox": "1125,1863,48,27",
              "text": "oils"
            },
            {
              "boundingBox": "1191,1873,46,17",
              "text": "are"
            }
          ]
        },
        {
          "boundingBox": "151,1908,1087,36",
          "words": [
            {
              "boundingBox": "151,1908,120,27",
              "text": "released"
            },
            {
              "boundingBox": "280,1908,42,27",
              "text": "for"
            },
            {
              "boundingBox": "331,1918,17,17",
              "text": "a"
            },
            {
              "boundingBox": "357,1908,128,36",
              "text": "soothing"
            },
            {
              "boundingBox": "493,1908,211,36",
              "text": "aromatherapy"
            },
            {
              "boundingBox": "712,1908,167,36",
              "text": "experience,"
            },
            {
              "boundingBox": "891,1908,77,27",
              "text": "Pulse"
            },
            {
              "boundingBox": "978,1908,78,27",
              "text": "Point"
            },
            {
              "boundingBox": "1064,1908,91,27",
              "text": "Balms"
            },
            {
              "boundingBox": "1165,1918,46,17",
              "text": "are"
            },
            {
              "boundingBox": "1221,1918,17,17",
              "text": "a"
            }
          ]
        },
        {
          "boundingBox": "151,1953,875,36",
          "words": [
            {
              "boundingBox": "151,1959,76,30",
              "text": "great"
            },
            {
              "boundingBox": "236,1953,106,27",
              "text": "add-on"
            },
            {
              "boundingBox": "352,1959,29,21",
              "text": "to"
            },
            {
              "boundingBox": "393,1953,112,27",
              "text": "Shower"
            },
            {
              "boundingBox": "514,1954,92,26",
              "text": "Bursts"
            },
            {
              "boundingBox": "616,1953,43,27",
              "text": "for"
            },
            {
              "boundingBox": "667,1953,128,36",
              "text": "personal"
            },
            {
              "boundingBox": "805,1963,47,17",
              "text": "use"
            },
            {
              "boundingBox": "863,1963,32,17",
              "text": "or"
            },
            {
              "boundingBox": "905,1963,29,17",
              "text": "as"
            },
            {
              "boundingBox": "945,1963,17,17",
              "text": "a"
            },
            {
              "boundingBox": "971,1953,55,36",
              "text": "gift."
            }
          ]
        }
      ]
    },
    {
      "boundingBox": "1344,1731,711,346",
      "lines": [
        {
          "boundingBox": "1348,1731,292,41",
          "words": [
            {
              "boundingBox": "1348,1731,88,41",
              "text": "Get"
            },
            {
              "boundingBox": "1451,1731,189,41",
              "text": "Started"
            }
          ]
        },
        {
          "boundingBox": "1348,1805,707,27",
          "words": [
            {
              "boundingBox": "1348,1805,60,27",
              "text": "The"
            },
            {
              "boundingBox": "1417,1805,93,27",
              "text": "Pulse"
            },
            {
              "boundingBox": "1519,1805,91,27",
              "text": "Point"
            },
            {
              "boundingBox": "1618,1805,92,27",
              "text": "Balm"
            },
            {
              "boundingBox": "1720,1805,116,27",
              "text": "Starter"
            },
            {
              "boundingBox": "1846,1805,50,27",
              "text": "Set"
            },
            {
              "boundingBox": "1905,1805,150,27",
              "text": "includes:"
            }
          ]
        },
        {
          "boundingBox": "1346,1850,626,36",
          "words": [
            {
              "boundingBox": "1346,1861,8,8",
              "text": "•"
            },
            {
              "boundingBox": "1368,1851,35,27",
              "text": "12"
            },
            {
              "boundingBox": "1413,1850,76,27",
              "text": "each"
            },
            {
              "boundingBox": "1499,1850,37,36",
              "text": "of"
            },
            {
              "boundingBox": "1539,1851,19,25",
              "text": "4"
            },
            {
              "boundingBox": "1567,1850,96,36",
              "text": "styles"
            },
            {
              "boundingBox": "1673,1850,76,27",
              "text": "with"
            },
            {
              "boundingBox": "1758,1851,19,25",
              "text": "4"
            },
            {
              "boundingBox": "1778,1850,74,36",
              "text": "free"
            },
            {
              "boundingBox": "1862,1855,110,22",
              "text": "testers"
            }
          ]
        },
        {
          "boundingBox": "1346,1895,673,36",
          "words": [
            {
              "boundingBox": "1346,1906,8,8",
              "text": "•"
            },
            {
              "boundingBox": "1365,1896,20,27",
              "text": "2"
            },
            {
              "boundingBox": "1394,1895,76,27",
              "text": "each"
            },
            {
              "boundingBox": "1480,1896,67,27",
              "text": "9.25"
            },
            {
              "boundingBox": "1555,1895,73,27",
              "text": "inch"
            },
            {
              "boundingBox": "1637,1895,81,27",
              "text": "wide"
            },
            {
              "boundingBox": "1732,1895,131,27",
              "text": "Wooden"
            },
            {
              "boundingBox": "1872,1895,147,36",
              "text": "Displays"
            }
          ]
        },
        {
          "boundingBox": "1346,1940,686,36",
          "words": [
            {
              "boundingBox": "1346,1951,8,8",
              "text": "•"
            },
            {
              "boundingBox": "1366,1941,19,25",
              "text": "4"
            },
            {
              "boundingBox": "1395,1940,143,27",
              "text": "assorted"
            },
            {
              "boundingBox": "1545,1940,86,27",
              "text": "units"
            },
            {
              "boundingBox": "1641,1940,86,35",
              "text": "offset"
            },
            {
              "boundingBox": "1737,1940,73,36",
              "text": "($38"
            },
            {
              "boundingBox": "1819,1940,102,27",
              "text": "Retail"
            },
            {
              "boundingBox": "1934,1940,98,36",
              "text": "Value)"
            }
          ]
        },
        {
          "boundingBox": "1344,2012,444,25",
          "words": [
            {
              "boundingBox": "1344,2012,85,25",
              "text": "Pulse"
            },
            {
              "boundingBox": "1442,2012,80,25",
              "text": "Point"
            },
            {
              "boundingBox": "1533,2012,78,24",
              "text": "Balm"
            },
            {
              "boundingBox": "1622,2012,107,25",
              "text": "Starter"
            },
            {
              "boundingBox": "1737,2012,51,25",
              "text": "Set"
            }
          ]
        },
        {
          "boundingBox": "1694,2052,90,25",
          "words": [
            {
              "boundingBox": "1694,2052,90,25",
              "text": "36002"
            }
          ]
        }
      ]
    },
    {
      "boundingBox": "138,2035,545,676",
      "lines": [
        {
          "boundingBox": "138,2035,308,151",
          "words": [
            {
              "boundingBox": "138,2035,308,151",
              "text": "New!"
            }
          ]
        },
        {
          "boundingBox": "401,2687,282,24",
          "words": [
            {
              "boundingBox": "401,2688,69,23",
              "text": "Shin."
            },
            {
              "boundingBox": "611,2687,72,24",
              "text": "Shine"
            }
          ]
        }
      ]
    },
    {
      "boundingBox": "1411,2092,64,17",
      "lines": [
        {
          "boundingBox": "1411,2092,64,17",
          "words": [
            {
              "boundingBox": "1411,2092,64,17",
              "text": "11615"
            }
          ]
        }
      ]
    },
    {
      "boundingBox": "1522,2091,65,18",
      "lines": [
        {
          "boundingBox": "1522,2091,65,18",
          "words": [
            {
              "boundingBox": "1522,2091,65,18",
              "text": "01320"
            }
          ]
        }
      ]
    },
    {
      "boundingBox": "848,2481,111,233",
      "lines": [
        {
          "boundingBox": "875,2481,51,18",
          "words": [
            {
              "boundingBox": "875,2481,30,15",
              "text": "Poi"
            },
            {
              "boundingBox": "908,2487,18,12",
              "text": "g:'"
            }
          ]
        },
        {
          "boundingBox": "848,2687,111,27",
          "words": [
            {
              "boundingBox": "848,2687,111,27",
              "text": "Energize"
            }
          ]
        }
      ]
    },
    {
      "boundingBox": "1726,2087,384,618",
      "lines": [
        {
          "boundingBox": "1726,2087,58,25",
          "words": [
            {
              "boundingBox": "1726,2087,58,25",
              "text": "$266"
            }
          ]
        },
        {
          "boundingBox": "1810,2406,180,21",
          "words": [
            {
              "boundingBox": "1810,2406,78,21",
              "text": "Sweet"
            },
            {
              "boundingBox": "1894,2406,96,21",
              "text": "Dreams"
            }
          ]
        },
        {
          "boundingBox": "1909,2684,201,21",
          "words": [
            {
              "boundingBox": "1909,2684,105,21",
              "text": "Dreamy"
            },
            {
              "boundingBox": "2032,2684,78,21",
              "text": "Sweet"
            }
          ]
        }
      ]
    },
    {
      "boundingBox": "266,2840,957,82",
      "lines": [
        {
          "boundingBox": "266,2840,957,82",
          "words": [
            {
              "boundingBox": "266,2840,957,82",
              "text": "hydraAROMATHEMPY"
            }
          ]
        }
      ]
    },
    {
      "boundingBox": "1322,2837,955,81",
      "lines": [
        {
          "boundingBox": "1322,2837,955,81",
          "words": [
            {
              "boundingBox": "1322,2837,955,81",
              "text": "hydraAROMATHERAPY"
            }
          ]
        }
      ]
    },
    {
      "boundingBox": "240,3019,381,33",
      "lines": [
        {
          "boundingBox": "240,3019,381,33",
          "words": [
            {
              "boundingBox": "240,3019,92,33",
              "text": "Rise"
            },
            {
              "boundingBox": "346,3019,32,33",
              "text": "&"
            },
            {
              "boundingBox": "392,3019,115,33",
              "text": "Shine"
            },
            {
              "boundingBox": "519,3019,102,33",
              "text": "refill"
            }
          ]
        }
      ]
    },
    {
      "boundingBox": "851,3019,297,43",
      "lines": [
        {
          "boundingBox": "851,3019,297,43",
          "words": [
            {
              "boundingBox": "851,3019,183,43",
              "text": "Energize"
            },
            {
              "boundingBox": "1047,3019,101,33",
              "text": "refill"
            }
          ]
        }
      ]
    },
    {
      "boundingBox": "1410,3019,281,33",
      "lines": [
        {
          "boundingBox": "1410,3019,281,33",
          "words": [
            {
              "boundingBox": "1410,3019,168,33",
              "text": "Unwind"
            },
            {
              "boundingBox": "1590,3019,101,33",
              "text": "refill"
            }
          ]
        }
      ]
    },
    {
      "boundingBox": "1905,3019,416,33",
      "lines": [
        {
          "boundingBox": "1905,3019,416,33",
          "words": [
            {
              "boundingBox": "1905,3019,123,33",
              "text": "Sweet"
            },
            {
              "boundingBox": "2040,3019,168,33",
              "text": "Drearns"
            },
            {
              "boundingBox": "2220,3019,101,33",
              "text": "refill"
            }
          ]
        }
      ]
    },
    {
      "boundingBox": "271,3131,176,18",
      "lines": [
        {
          "boundingBox": "271,3131,64,18",
          "words": [
            {
              "boundingBox": "271,3131,64,18",
              "text": "11615"
            }
          ]
        },
        {
          "boundingBox": "383,3131,64,18",
          "words": [
            {
              "boundingBox": "383,3131,64,18",
              "text": "01331"
            }
          ]
        }
      ]
    },
    {
      "boundingBox": "563,3076,91,74",
      "lines": [
        {
          "boundingBox": "581,3076,70,21",
          "words": [
            {
              "boundingBox": "581,3076,70,21",
              "text": "36201"
            }
          ]
        },
        {
          "boundingBox": "566,3106,88,21",
          "words": [
            {
              "boundingBox": "566,3106,56,21",
              "text": "$4.75"
            },
            {
              "boundingBox": "630,3112,24,13",
              "text": "ea"
            }
          ]
        },
        {
          "boundingBox": "563,3132,91,18",
          "words": [
            {
              "boundingBox": "563,3137,47,13",
              "text": "case"
            },
            {
              "boundingBox": "617,3132,20,17",
              "text": "of"
            },
            {
              "boundingBox": "642,3132,12,18",
              "text": "6"
            }
          ]
        }
      ]
    },
    {
      "boundingBox": "840,3131,179,18",
      "lines": [
        {
          "boundingBox": "840,3131,65,18",
          "words": [
            {
              "boundingBox": "840,3131,65,18",
              "text": "11615"
            }
          ]
        },
        {
          "boundingBox": "953,3131,66,18",
          "words": [
            {
              "boundingBox": "953,3131,66,18",
              "text": "01332"
            }
          ]
        }
      ]
    },
    {
      "boundingBox": "1132,3076,92,74",
      "lines": [
        {
          "boundingBox": "1150,3076,73,21",
          "words": [
            {
              "boundingBox": "1150,3076,73,21",
              "text": "36202"
            }
          ]
        },
        {
          "boundingBox": "1135,3106,89,21",
          "words": [
            {
              "boundingBox": "1135,3106,57,21",
              "text": "$4.75"
            },
            {
              "boundingBox": "1199,3112,25,13",
              "text": "ea"
            }
          ]
        },
        {
          "boundingBox": "1132,3132,92,18",
          "words": [
            {
              "boundingBox": "1132,3137,47,13",
              "text": "case"
            },
            {
              "boundingBox": "1186,3132,20,17",
              "text": "of"
            },
            {
              "boundingBox": "1212,3132,12,18",
              "text": "6"
            }
          ]
        }
      ]
    },
    {
      "boundingBox": "1392,3131,179,18",
      "lines": [
        {
          "boundingBox": "1392,3131,64,18",
          "words": [
            {
              "boundingBox": "1392,3131,64,18",
              "text": "11615"
            }
          ]
        },
        {
          "boundingBox": "1504,3131,67,18",
          "words": [
            {
              "boundingBox": "1504,3131,67,18",
              "text": "01333"
            }
          ]
        }
      ]
    },
    {
      "boundingBox": "1684,3076,91,74",
      "lines": [
        {
          "boundingBox": "1701,3076,74,21",
          "words": [
            {
              "boundingBox": "1701,3076,74,21",
              "text": "36203"
            }
          ]
        },
        {
          "boundingBox": "1687,3106,88,21",
          "words": [
            {
              "boundingBox": "1687,3106,56,21",
              "text": "$4.75"
            },
            {
              "boundingBox": "1750,3112,25,13",
              "text": "ea"
            }
          ]
        },
        {
          "boundingBox": "1684,3132,91,18",
          "words": [
            {
              "boundingBox": "1684,3137,46,13",
              "text": "case"
            },
            {
              "boundingBox": "1737,3132,20,17",
              "text": "of"
            },
            {
              "boundingBox": "1763,3132,12,18",
              "text": "6"
            }
          ]
        }
      ]
    },
    {
      "boundingBox": "1953,3131,180,18",
      "lines": [
        {
          "boundingBox": "1953,3131,65,18",
          "words": [
            {
              "boundingBox": "1953,3131,65,18",
              "text": "11615"
            }
          ]
        },
        {
          "boundingBox": "2066,3131,67,18",
          "words": [
            {
              "boundingBox": "2066,3131,67,18",
              "text": "01334"
            }
          ]
        }
      ]
    },
    {
      "boundingBox": "2244,3076,92,74",
      "lines": [
        {
          "boundingBox": "2262,3076,73,21",
          "words": [
            {
              "boundingBox": "2262,3076,73,21",
              "text": "36204"
            }
          ]
        },
        {
          "boundingBox": "2247,3106,89,21",
          "words": [
            {
              "boundingBox": "2247,3106,57,21",
              "text": "$4.75"
            },
            {
              "boundingBox": "2311,3112,25,13",
              "text": "ea"
            }
          ]
        },
        {
          "boundingBox": "2244,3132,92,18",
          "words": [
            {
              "boundingBox": "2244,3137,47,13",
              "text": "case"
            },
            {
              "boundingBox": "2298,3132,20,17",
              "text": "of"
            },
            {
              "boundingBox": "2324,3132,12,18",
              "text": "6"
            }
          ]
        }
      ]
    },
    {
      "boundingBox": "153,3195,484,39",
      "lines": [
        {
          "boundingBox": "153,3195,484,39",
          "words": [
            {
              "boundingBox": "153,3195,484,39",
              "text": "hydraAromatherapy.com"
            }
          ]
        }
      ]
    }
  ]
}