{
  "language": "en",
  "orientation": "Up",
  "textAngle": 0.0,
  "regions": [
    {
      "boundingBox": "157,781,1524,116",
      "lines": [
        {
          "boundingBox": "157,781,1524,116",
          "words": [
            {
              "boundingBox": "157,781,421,87",
              "text": "Shower"
            },
            {
              "boundingBox": "611,781,372,87",
              "text": "Bursts"
            },
            {
              "boundingBox": "1018,781,137,116",
              "text": "by"
            },
            {
              "boundingBox": "1189,781,177,87",
              "text": "the"
            },
            {
              "boundingBox": "1407,781,274,87",
              "text": "Case"
            }
          ]
        }
      ]
    },
    {
      "boundingBox": "200,969,350,91",
      "lines": [
        {
          "boundingBox": "264,969,221,44",
          "words": [
            {
              "boundingBox": "264,969,221,44",
              "text": "Refresh"
            }
          ]
        },
        {
          "boundingBox": "200,1029,350,31",
          "words": [
            {
              "boundingBox": "200,1029,163,31",
              "text": "Grapefruit"
            },
            {
              "boundingBox": "373,1029,23,23",
              "text": "&"
            },
            {
              "boundingBox": "406,1029,144,23",
              "text": "Lavender"
            }
          ]
        }
      ]
    },
    {
      "boundingBox": "806,969,338,91",
      "lines": [
        {
          "boundingBox": "894,969,162,44",
          "words": [
            {
              "boundingBox": "894,969,162,44",
              "text": "Relax"
            }
          ]
        },
        {
          "boundingBox": "806,1029,338,31",
          "words": [
            {
              "boundingBox": "806,1029,144,23",
              "text": "Lavender"
            },
            {
              "boundingBox": "960,1029,23,23",
              "text": "&"
            },
            {
              "boundingBox": "992,1029,152,31",
              "text": "Bergamot"
            }
          ]
        }
      ]
    },
    {
      "boundingBox": "1377,969,396,91",
      "lines": [
        {
          "boundingBox": "1476,969,200,58",
          "words": [
            {
              "boundingBox": "1476,969,200,58",
              "text": "Clarity"
            }
          ]
        },
        {
          "boundingBox": "1377,1029,396,31",
          "words": [
            {
              "boundingBox": "1377,1029,170,31",
              "text": "Eucalyptus"
            },
            {
              "boundingBox": "1558,1029,23,23",
              "text": "&"
            },
            {
              "boundingBox": "1590,1029,183,30",
              "text": "Peppermint"
            }
          ]
        }
      ]
    },
    {
      "boundingBox": "2016,969,318,83",
      "lines": [
        {
          "boundingBox": "2063,969,226,58",
          "words": [
            {
              "boundingBox": "2063,969,226,58",
              "text": "Healing"
            }
          ]
        },
        {
          "boundingBox": "2016,1029,318,23",
          "words": [
            {
              "boundingBox": "2016,1029,144,23",
              "text": "Lavender"
            },
            {
              "boundingBox": "2169,1029,23,23",
              "text": "&"
            },
            {
              "boundingBox": "2202,1029,55,23",
              "text": "Tea"
            },
            {
              "boundingBox": "2266,1029,68,23",
              "text": "Tree"
            }
          ]
        }
      ]
    },
    {
      "boundingBox": "209,1600,249,19",
      "lines": [
        {
          "boundingBox": "209,1600,249,19",
          "words": [
            {
              "boundingBox": "209,1600,83,19",
              "text": "11615"
            },
            {
              "boundingBox": "316,1600,85,19",
              "text": "01511"
            },
            {
              "boundingBox": "445,1600,13,19",
              "text": "8"
            }
          ]
        }
      ]
    },
    {
      "boundingBox": "495,1546,104,74",
      "lines": [
        {
          "boundingBox": "525,1546,71,21",
          "words": [
            {
              "boundingBox": "525,1546,71,21",
              "text": "25101"
            }
          ]
        },
        {
          "boundingBox": "511,1576,88,21",
          "words": [
            {
              "boundingBox": "511,1576,56,21",
              "text": "$2.50"
            },
            {
              "boundingBox": "574,1582,25,13",
              "text": "ea"
            }
          ]
        },
        {
          "boundingBox": "495,1602,104,18",
          "words": [
            {
              "boundingBox": "495,1607,47,13",
              "text": "case"
            },
            {
              "boundingBox": "549,1602,20,17",
              "text": "of"
            },
            {
              "boundingBox": "576,1602,23,17",
              "text": "12"
            }
          ]
        }
      ]
    },
    {
      "boundingBox": "659,1129,399,490",
      "lines": [
        {
          "boundingBox": "659,1129,138,46",
          "words": [
            {
              "boundingBox": "659,1129,138,46",
              "text": "Selle't!"
            }
          ]
        },
        {
          "boundingBox": "908,1267,84,18",
          "words": [
            {
              "boundingBox": "908,1267,84,18",
              "text": "BURST"
            }
          ]
        },
        {
          "boundingBox": "809,1600,192,19",
          "words": [
            {
              "boundingBox": "809,1600,83,19",
              "text": "11615"
            },
            {
              "boundingBox": "916,1600,85,19",
              "text": "01512"
            }
          ]
        },
        {
          "boundingBox": "1046,1601,12,18",
          "words": [
            {
              "boundingBox": "1046,1601,12,18",
              "text": "5"
            }
          ]
        }
      ]
    },
    {
      "boundingBox": "1095,1546,104,74",
      "lines": [
        {
          "boundingBox": "1125,1546,74,21",
          "words": [
            {
              "boundingBox": "1125,1546,74,21",
              "text": "25102"
            }
          ]
        },
        {
          "boundingBox": "1111,1576,88,21",
          "words": [
            {
              "boundingBox": "1111,1576,56,21",
              "text": "$2.50"
            },
            {
              "boundingBox": "1174,1582,25,13",
              "text": "ea"
            }
          ]
        },
        {
          "boundingBox": "1095,1602,104,18",
          "words": [
            {
              "boundingBox": "1095,1607,47,13",
              "text": "case"
            },
            {
              "boundingBox": "1149,1602,20,17",
              "text": "of"
            },
            {
              "boundingBox": "1176,1602,23,17",
              "text": "12"
            }
          ]
        }
      ]
    },
    {
      "boundingBox": "1409,1292,249,327",
      "lines": [
        {
          "boundingBox": "1453,1292,78,24",
          "words": [
            {
              "boundingBox": "1453,1292,78,24",
              "text": "Clarity"
            }
          ]
        },
        {
          "boundingBox": "1409,1600,249,19",
          "words": [
            {
              "boundingBox": "1409,1600,83,19",
              "text": "11615"
            },
            {
              "boundingBox": "1516,1600,85,19",
              "text": "01513"
            },
            {
              "boundingBox": "1645,1600,13,19",
              "text": "2"
            }
          ]
        }
      ]
    },
    {
      "boundingBox": "1693,1546,104,74",
      "lines": [
        {
          "boundingBox": "1723,1546,74,21",
          "words": [
            {
              "boundingBox": "1723,1546,74,21",
              "text": "25103"
            }
          ]
        },
        {
          "boundingBox": "1709,1576,88,21",
          "words": [
            {
              "boundingBox": "1709,1576,57,21",
              "text": "$2.50"
            },
            {
              "boundingBox": "1773,1582,24,13",
              "text": "ea"
            }
          ]
        },
        {
          "boundingBox": "1693,1602,104,18",
          "words": [
            {
              "boundingBox": "1693,1607,47,13",
              "text": "case"
            },
            {
              "boundingBox": "1747,1602,20,17",
              "text": "of"
            },
            {
              "boundingBox": "1775,1602,22,17",
              "text": "12"
            }
          ]
        }
      ]
    },
    {
      "boundingBox": "1990,1265,268,354",
      "lines": [
        {
          "boundingBox": "1990,1265,198,18",
          "words": [
            {
              "boundingBox": "1990,1265,108,18",
              "text": "SHOWER"
            },
            {
              "boundingBox": "2107,1265,81,18",
              "text": "at'RST"
            }
          ]
        },
        {
          "boundingBox": "2009,1600,249,19",
          "words": [
            {
              "boundingBox": "2009,1600,83,19",
              "text": "11615"
            },
            {
              "boundingBox": "2116,1600,86,19",
              "text": "01514"
            },
            {
              "boundingBox": "2245,1600,13,19",
              "text": "9"
            }
          ]
        }
      ]
    },
    {
      "boundingBox": "2293,1546,104,74",
      "lines": [
        {
          "boundingBox": "2322,1546,74,21",
          "words": [
            {
              "boundingBox": "2322,1546,74,21",
              "text": "25104"
            }
          ]
        },
        {
          "boundingBox": "2308,1576,89,21",
          "words": [
            {
              "boundingBox": "2308,1576,57,21",
              "text": "$2.50"
            },
            {
              "boundingBox": "2372,1582,25,13",
              "text": "ea"
            }
          ]
        },
        {
          "boundingBox": "2293,1602,104,18",
          "words": [
            {
              "boundingBox": "2293,1607,46,13",
              "text": "case"
            },
            {
              "boundingBox": "2346,1602,20,17",
              "text": "of"
            },
            {
              "boundingBox": "2374,1602,23,17",
              "text": "12"
            }
          ]
        }
      ]
    },
    {
      "boundingBox": "193,1748,364,91",
      "lines": [
        {
          "boundingBox": "193,1748,364,44",
          "words": [
            {
              "boundingBox": "193,1748,125,44",
              "text": "Rise"
            },
            {
              "boundingBox": "338,1748,43,44",
              "text": "&"
            },
            {
              "boundingBox": "401,1748,156,44",
              "text": "Shine"
            }
          ]
        },
        {
          "boundingBox": "240,1808,271,31",
          "words": [
            {
              "boundingBox": "240,1808,154,31",
              "text": "Tangerine"
            },
            {
              "boundingBox": "404,1808,24,24",
              "text": "&"
            },
            {
              "boundingBox": "437,1808,74,24",
              "text": "Mint"
            }
          ]
        }
      ]
    },
    {
      "boundingBox": "834,1748,281,91",
      "lines": [
        {
          "boundingBox": "849,1748,250,58",
          "words": [
            {
              "boundingBox": "849,1748,250,58",
              "text": "Energize"
            }
          ]
        },
        {
          "boundingBox": "834,1808,281,31",
          "words": [
            {
              "boundingBox": "834,1808,163,31",
              "text": "Grapefruit"
            },
            {
              "boundingBox": "1007,1808,23,23",
              "text": "&"
            },
            {
              "boundingBox": "1040,1808,75,24",
              "text": "Basil"
            }
          ]
        }
      ]
    },
    {
      "boundingBox": "1445,1748,260,84",
      "lines": [
        {
          "boundingBox": "1461,1748,228,44",
          "words": [
            {
              "boundingBox": "1461,1748,228,44",
              "text": "Unwind"
            }
          ]
        },
        {
          "boundingBox": "1445,1808,260,24",
          "words": [
            {
              "boundingBox": "1445,1808,144,24",
              "text": "Lavender"
            },
            {
              "boundingBox": "1598,1808,23,23",
              "text": "&"
            },
            {
              "boundingBox": "1631,1808,74,24",
              "text": "Mint"
            }
          ]
        }
      ]
    },
    {
      "boundingBox": "1969,1749,412,90",
      "lines": [
        {
          "boundingBox": "1969,1749,412,43",
          "words": [
            {
              "boundingBox": "1969,1749,168,43",
              "text": "Sweet"
            },
            {
              "boundingBox": "2154,1749,227,43",
              "text": "Dreams"
            }
          ]
        },
        {
          "boundingBox": "1991,1815,366,24",
          "words": [
            {
              "boundingBox": "1991,1816,144,23",
              "text": "Lavender"
            },
            {
              "boundingBox": "2144,1816,23,23",
              "text": "&"
            },
            {
              "boundingBox": "2178,1815,179,24",
              "text": "Chamomile"
            }
          ]
        }
      ]
    },
    {
      "boundingBox": "329,2352,129,17",
      "lines": [
        {
          "boundingBox": "329,2352,62,17",
          "words": [
            {
              "boundingBox": "329,2352,62,17",
              "text": "01521"
            }
          ]
        },
        {
          "boundingBox": "446,2352,12,16",
          "words": [
            {
              "boundingBox": "446,2352,12,16",
              "text": "7"
            }
          ]
        }
      ]
    },
    {
      "boundingBox": "492,2296,104,74",
      "lines": [
        {
          "boundingBox": "522,2296,71,21",
          "words": [
            {
              "boundingBox": "522,2296,71,21",
              "text": "25201"
            }
          ]
        },
        {
          "boundingBox": "508,2326,88,21",
          "words": [
            {
              "boundingBox": "508,2326,56,21",
              "text": "$2.50"
            },
            {
              "boundingBox": "571,2332,25,13",
              "text": "ea"
            }
          ]
        },
        {
          "boundingBox": "492,2352,104,18",
          "words": [
            {
              "boundingBox": "492,2357,47,13",
              "text": "case"
            },
            {
              "boundingBox": "546,2352,20,17",
              "text": "of"
            },
            {
              "boundingBox": "573,2352,23,17",
              "text": "12"
            }
          ]
        }
      ]
    },
    {
      "boundingBox": "929,2352,129,17",
      "lines": [
        {
          "boundingBox": "929,2352,66,17",
          "words": [
            {
              "boundingBox": "929,2352,66,17",
              "text": "01522"
            }
          ]
        },
        {
          "boundingBox": "1045,2352,13,16",
          "words": [
            {
              "boundingBox": "1045,2352,13,16",
              "text": "4"
            }
          ]
        }
      ]
    },
    {
      "boundingBox": "1092,2296,104,74",
      "lines": [
        {
          "boundingBox": "1122,2296,74,21",
          "words": [
            {
              "boundingBox": "1122,2296,74,21",
              "text": "25202"
            }
          ]
        },
        {
          "boundingBox": "1108,2326,88,21",
          "words": [
            {
              "boundingBox": "1108,2326,56,21",
              "text": "$2.50"
            },
            {
              "boundingBox": "1171,2332,25,13",
              "text": "ea"
            }
          ]
        },
        {
          "boundingBox": "1092,2352,104,18",
          "words": [
            {
              "boundingBox": "1092,2357,47,13",
              "text": "case"
            },
            {
              "boundingBox": "1146,2352,20,17",
              "text": "of"
            },
            {
              "boundingBox": "1173,2352,23,17",
              "text": "12"
            }
          ]
        }
      ]
    },
    {
      "boundingBox": "1424,2079,171,290",
      "lines": [
        {
          "boundingBox": "1424,2079,93,18",
          "words": [
            {
              "boundingBox": "1424,2079,93,18",
              "text": "Unwind"
            }
          ]
        },
        {
          "boundingBox": "1529,2352,66,17",
          "words": [
            {
              "boundingBox": "1529,2352,66,17",
              "text": "01523"
            }
          ]
        }
      ]
    },
    {
      "boundingBox": "1692,2296,104,74",
      "lines": [
        {
          "boundingBox": "1722,2296,74,21",
          "words": [
            {
              "boundingBox": "1722,2296,74,21",
              "text": "25203"
            }
          ]
        },
        {
          "boundingBox": "1708,2326,88,21",
          "words": [
            {
              "boundingBox": "1708,2326,56,21",
              "text": "$2.50"
            },
            {
              "boundingBox": "1771,2332,25,13",
              "text": "ea"
            }
          ]
        },
        {
          "boundingBox": "1692,2352,104,18",
          "words": [
            {
              "boundingBox": "1692,2357,47,13",
              "text": "case"
            },
            {
              "boundingBox": "1746,2352,20,17",
              "text": "of"
            },
            {
              "boundingBox": "1773,2352,23,17",
              "text": "12"
            }
          ]
        }
      ]
    },
    {
      "boundingBox": "2073,2082,185,287",
      "lines": [
        {
          "boundingBox": "2073,2082,87,19",
          "words": [
            {
              "boundingBox": "2073,2082,87,19",
              "text": "Oceanu"
            }
          ]
        },
        {
          "boundingBox": "2129,2352,66,17",
          "words": [
            {
              "boundingBox": "2129,2352,66,17",
              "text": "01524"
            }
          ]
        },
        {
          "boundingBox": "2246,2352,12,17",
          "words": [
            {
              "boundingBox": "2246,2352,12,17",
              "text": "8"
            }
          ]
        }
      ]
    },
    {
      "boundingBox": "2291,2296,104,74",
      "lines": [
        {
          "boundingBox": "2320,2296,75,21",
          "words": [
            {
              "boundingBox": "2320,2296,75,21",
              "text": "25204"
            }
          ]
        },
        {
          "boundingBox": "2307,2326,88,21",
          "words": [
            {
              "boundingBox": "2307,2326,56,21",
              "text": "$2.50"
            },
            {
              "boundingBox": "2370,2332,25,13",
              "text": "ea"
            }
          ]
        },
        {
          "boundingBox": "2291,2352,104,18",
          "words": [
            {
              "boundingBox": "2291,2357,47,13",
              "text": "case"
            },
            {
              "boundingBox": "2345,2352,20,17",
              "text": "of"
            },
            {
              "boundingBox": "2372,2352,23,17",
              "text": "12"
            }
          ]
        }
      ]
    },
    {
      "boundingBox": "153,2492,484,742",
      "lines": [
        {
          "boundingBox": "169,2492,412,36",
          "words": [
            {
              "boundingBox": "169,2492,108,36",
              "text": "Cold"
            },
            {
              "boundingBox": "292,2492,35,36",
              "text": "&"
            },
            {
              "boundingBox": "341,2492,75,36",
              "text": "Flu"
            },
            {
              "boundingBox": "429,2493,152,35",
              "text": "Buster"
            }
          ]
        },
        {
          "boundingBox": "213,2544,322,31",
          "words": [
            {
              "boundingBox": "213,2544,171,31",
              "text": "Eucalyptus"
            },
            {
              "boundingBox": "394,2544,23,23",
              "text": "&"
            },
            {
              "boundingBox": "426,2544,109,23",
              "text": "Lemon"
            }
          ]
        },
        {
          "boundingBox": "525,3046,74,21",
          "words": [
            {
              "boundingBox": "525,3046,74,21",
              "text": "25602"
            }
          ]
        },
        {
          "boundingBox": "511,3076,88,21",
          "words": [
            {
              "boundingBox": "511,3076,56,21",
              "text": "$2.50"
            },
            {
              "boundingBox": "574,3082,25,13",
              "text": "ea"
            }
          ]
        },
        {
          "boundingBox": "209,3100,390,20",
          "words": [
            {
              "boundingBox": "209,3100,83,19",
              "text": "11615"
            },
            {
              "boundingBox": "316,3100,85,19",
              "text": "01562"
            },
            {
              "boundingBox": "445,3100,13,19",
              "text": "0"
            },
            {
              "boundingBox": "495,3102,104,18",
              "text": "case0f12"
            }
          ]
        },
        {
          "boundingBox": "153,3195,484,39",
          "words": [
            {
              "boundingBox": "153,3195,484,39",
              "text": "hydraAromatherapy.com"
            }
          ]
        }
      ]
    },
    {
      "boundingBox": "781,2493,388,82",
      "lines": [
        {
          "boundingBox": "781,2493,388,46",
          "words": [
            {
              "boundingBox": "781,2493,224,46",
              "text": "Hangover"
            },
            {
              "boundingBox": "1018,2493,151,35",
              "text": "Buster"
            }
          ]
        },
        {
          "boundingBox": "812,2544,319,31",
          "words": [
            {
              "boundingBox": "812,2544,119,31",
              "text": "Juniper"
            },
            {
              "boundingBox": "940,2544,23,23",
              "text": "&"
            },
            {
              "boundingBox": "973,2544,158,31",
              "text": "Rosemary"
            }
          ]
        }
      ]
    },
    {
      "boundingBox": "1378,2493,394,82",
      "lines": [
        {
          "boundingBox": "1378,2493,394,35",
          "words": [
            {
              "boundingBox": "1378,2493,228,35",
              "text": "Headache"
            },
            {
              "boundingBox": "1621,2493,151,35",
              "text": "Buster"
            }
          ]
        },
        {
          "boundingBox": "1408,2544,333,31",
          "words": [
            {
              "boundingBox": "1408,2544,183,31",
              "text": "Peppermint"
            },
            {
              "boundingBox": "1601,2544,22,23",
              "text": "&"
            },
            {
              "boundingBox": "1633,2544,108,23",
              "text": "Lemon"
            }
          ]
        }
      ]
    },
    {
      "boundingBox": "1964,2481,421,90",
      "lines": [
        {
          "boundingBox": "2024,2481,304,35",
          "words": [
            {
              "boundingBox": "2024,2481,138,35",
              "text": "Stress"
            },
            {
              "boundingBox": "2177,2482,151,34",
              "text": "Buster"
            }
          ]
        },
        {
          "boundingBox": "1964,2540,421,31",
          "words": [
            {
              "boundingBox": "1964,2540,191,31",
              "text": "Lernongrass"
            },
            {
              "boundingBox": "2165,2540,23,23",
              "text": "&"
            },
            {
              "boundingBox": "2198,2540,89,31",
              "text": "Ylang"
            },
            {
              "boundingBox": "2296,2540,89,31",
              "text": "Ylang"
            }
          ]
        }
      ]
    },
    {
      "boundingBox": "809,3100,249,19",
      "lines": [
        {
          "boundingBox": "809,3100,193,19",
          "words": [
            {
              "boundingBox": "809,3100,83,19",
              "text": "11615"
            },
            {
              "boundingBox": "916,3100,86,19",
              "text": "01563"
            }
          ]
        },
        {
          "boundingBox": "1046,3101,12,18",
          "words": [
            {
              "boundingBox": "1046,3101,12,18",
              "text": "7"
            }
          ]
        }
      ]
    },
    {
      "boundingBox": "1095,3046,104,74",
      "lines": [
        {
          "boundingBox": "1125,3046,74,21",
          "words": [
            {
              "boundingBox": "1125,3046,74,21",
              "text": "25603"
            }
          ]
        },
        {
          "boundingBox": "1111,3076,88,21",
          "words": [
            {
              "boundingBox": "1111,3076,56,21",
              "text": "$2.50"
            },
            {
              "boundingBox": "1175,3082,24,13",
              "text": "ea"
            }
          ]
        },
        {
          "boundingBox": "1095,3102,104,18",
          "words": [
            {
              "boundingBox": "1095,3107,47,13",
              "text": "case"
            },
            {
              "boundingBox": "1149,3102,20,17",
              "text": "of"
            },
            {
              "boundingBox": "1177,3102,22,17",
              "text": "12"
            }
          ]
        }
      ]
    },
    {
      "boundingBox": "1409,3100,249,19",
      "lines": [
        {
          "boundingBox": "1409,3100,249,19",
          "words": [
            {
              "boundingBox": "1409,3100,83,19",
              "text": "11615"
            },
            {
              "boundingBox": "1516,3100,13,19",
              "text": "0"
            },
            {
              "boundingBox": "1537,3100,65,19",
              "text": "1564"
            },
            {
              "boundingBox": "1645,3101,13,18",
              "text": "4"
            }
          ]
        }
      ]
    },
    {
      "boundingBox": "1695,3046,104,74",
      "lines": [
        {
          "boundingBox": "1724,3046,75,21",
          "words": [
            {
              "boundingBox": "1724,3046,75,21",
              "text": "25604"
            }
          ]
        },
        {
          "boundingBox": "1711,3076,88,21",
          "words": [
            {
              "boundingBox": "1711,3076,56,21",
              "text": "$2.50"
            },
            {
              "boundingBox": "1774,3082,25,13",
              "text": "ea"
            }
          ]
        },
        {
          "boundingBox": "1695,3102,104,18",
          "words": [
            {
              "boundingBox": "1695,3107,47,13",
              "text": "æse"
            },
            {
              "boundingBox": "1749,3102,20,17",
              "text": "of"
            },
            {
              "boundingBox": "1776,3102,23,17",
              "text": "12"
            }
          ]
        }
      ]
    },
    {
      "boundingBox": "1841,2654,361,465",
      "lines": [
        {
          "boundingBox": "1841,2654,138,45",
          "words": [
            {
              "boundingBox": "1841,2654,138,45",
              "text": "Selle't!"
            }
          ]
        },
        {
          "boundingBox": "2104,2769,89,18",
          "words": [
            {
              "boundingBox": "2104,2769,89,18",
              "text": "wunsv"
            }
          ]
        },
        {
          "boundingBox": "2008,2801,156,18",
          "words": [
            {
              "boundingBox": "2008,2801,156,18",
              "text": "SRESfßtßIER"
            }
          ]
        },
        {
          "boundingBox": "2009,3100,193,19",
          "words": [
            {
              "boundingBox": "2009,3100,82,19",
              "text": "11615"
            },
            {
              "boundingBox": "2115,3100,87,19",
              "text": "01566"
            }
          ]
        }
      ]
    },
    {
      "boundingBox": "2245,3100,13,19",
      "lines": [
        {
          "boundingBox": "2245,3100,13,19",
          "words": [
            {
              "boundingBox": "2245,3100,13,19",
              "text": "8"
            }
          ]
        }
      ]
    },
    {
      "boundingBox": "2295,3046,104,74",
      "lines": [
        {
          "boundingBox": "2324,3046,75,21",
          "words": [
            {
              "boundingBox": "2324,3046,75,21",
              "text": "25606"
            }
          ]
        },
        {
          "boundingBox": "2311,3076,88,21",
          "words": [
            {
              "boundingBox": "2311,3076,56,21",
              "text": "$2.50"
            },
            {
              "boundingBox": "2374,3082,25,13",
              "text": "ea"
            }
          ]
        },
        {
          "boundingBox": "2295,3102,104,18",
          "words": [
            {
              "boundingBox": "2295,3107,47,13",
              "text": "æse"
            },
            {
              "boundingBox": "2349,3102,20,17",
              "text": "of"
            },
            {
              "boundingBox": "2376,3102,23,17",
              "text": "12"
            }
          ]
        }
      ]
    }
  ]
}