{
  "language": "en",
  "orientation": "Up",
  "textAngle": 0.0,
  "regions": [
    {
      "boundingBox": "151,182,1657,508",
      "lines": [
        {
          "boundingBox": "154,182,1654,140",
          "words": [
            {
              "boundingBox": "154,183,261,104",
              "text": "The"
            },
            {
              "boundingBox": "461,182,592,140",
              "text": "Lifestyle"
            },
            {
              "boundingBox": "1102,182,706,105",
              "text": "Collection"
            }
          ]
        },
        {
          "boundingBox": "154,390,1018,78",
          "words": [
            {
              "boundingBox": "154,390,281,59",
              "text": "Shower"
            },
            {
              "boundingBox": "457,390,211,59",
              "text": "Burst"
            },
            {
              "boundingBox": "689,390,279,78",
              "text": "Variety"
            },
            {
              "boundingBox": "991,390,181,59",
              "text": "Pack"
            }
          ]
        },
        {
          "boundingBox": "152,493,1047,43",
          "words": [
            {
              "boundingBox": "152,493,137,32",
              "text": "Shower"
            },
            {
              "boundingBox": "308,493,98,32",
              "text": "Burst"
            },
            {
              "boundingBox": "423,493,134,43",
              "text": "Variety"
            },
            {
              "boundingBox": "575,493,100,32",
              "text": "Packs"
            },
            {
              "boundingBox": "695,493,98,32",
              "text": "make"
            },
            {
              "boundingBox": "813,500,93,36",
              "text": "great"
            },
            {
              "boundingBox": "925,493,81,43",
              "text": "gifts."
            },
            {
              "boundingBox": "1027,493,97,43",
              "text": "They"
            },
            {
              "boundingBox": "1143,505,56,20",
              "text": "are"
            }
          ]
        },
        {
          "boundingBox": "151,548,1048,43",
          "words": [
            {
              "boundingBox": "151,548,68,32",
              "text": "also"
            },
            {
              "boundingBox": "236,560,21,20",
              "text": "a"
            },
            {
              "boundingBox": "271,548,60,32",
              "text": "fun"
            },
            {
              "boundingBox": "346,560,74,31",
              "text": "way"
            },
            {
              "boundingBox": "434,548,52,32",
              "text": "for"
            },
            {
              "boundingBox": "499,560,85,31",
              "text": "your"
            },
            {
              "boundingBox": "599,555,182,25",
              "text": "customers"
            },
            {
              "boundingBox": "797,555,35,25",
              "text": "to"
            },
            {
              "boundingBox": "848,555,51,36",
              "text": "try"
            },
            {
              "boundingBox": "914,548,154,32",
              "text": "different"
            },
            {
              "boundingBox": "1082,548,117,32",
              "text": "blends"
            }
          ]
        },
        {
          "boundingBox": "151,603,1049,32",
          "words": [
            {
              "boundingBox": "151,603,69,32",
              "text": "and"
            },
            {
              "boundingBox": "239,603,148,32",
              "text": "discover"
            },
            {
              "boundingBox": "405,603,85,32",
              "text": "their"
            },
            {
              "boundingBox": "508,603,144,32",
              "text": "favorite."
            },
            {
              "boundingBox": "674,603,92,32",
              "text": "Each"
            },
            {
              "boundingBox": "785,603,68,32",
              "text": "box"
            },
            {
              "boundingBox": "870,603,149,32",
              "text": "includes"
            },
            {
              "boundingBox": "1039,615,20,20",
              "text": "a"
            },
            {
              "boundingBox": "1079,603,121,32",
              "text": "Sachet"
            }
          ]
        },
        {
          "boundingBox": "151,658,1048,32",
          "words": [
            {
              "boundingBox": "151,658,69,32",
              "text": "and"
            },
            {
              "boundingBox": "231,658,210,32",
              "text": "instructions"
            },
            {
              "boundingBox": "453,658,52,32",
              "text": "for"
            },
            {
              "boundingBox": "516,670,66,20",
              "text": "use."
            },
            {
              "boundingBox": "606,658,110,32",
              "text": "These"
            },
            {
              "boundingBox": "728,658,102,32",
              "text": "boxes"
            },
            {
              "boundingBox": "841,658,92,32",
              "text": "work"
            },
            {
              "boundingBox": "944,670,34,20",
              "text": "as"
            },
            {
              "boundingBox": "991,658,88,32",
              "text": "shelf"
            },
            {
              "boundingBox": "1092,658,107,32",
              "text": "sellers"
            }
          ]
        }
      ]
    },
    {
      "boundingBox": "151,716,498,904",
      "lines": [
        {
          "boundingBox": "151,716,498,43",
          "words": [
            {
              "boundingBox": "151,716,72,33",
              "text": "that"
            },
            {
              "boundingBox": "234,716,88,33",
              "text": "need"
            },
            {
              "boundingBox": "333,716,79,33",
              "text": "little"
            },
            {
              "boundingBox": "426,716,223,43",
              "text": "explanation."
            }
          ]
        },
        {
          "boundingBox": "192,969,363,44",
          "words": [
            {
              "boundingBox": "192,969,125,44",
              "text": "Rise"
            },
            {
              "boundingBox": "336,969,43,44",
              "text": "&"
            },
            {
              "boundingBox": "400,969,155,44",
              "text": "Shine"
            }
          ]
        },
        {
          "boundingBox": "238,1028,272,32",
          "words": [
            {
              "boundingBox": "238,1028,155,32",
              "text": "Tangerine"
            },
            {
              "boundingBox": "403,1029,23,23",
              "text": "&"
            },
            {
              "boundingBox": "436,1029,74,23",
              "text": "Mint"
            }
          ]
        },
        {
          "boundingBox": "526,1546,71,21",
          "words": [
            {
              "boundingBox": "526,1546,71,21",
              "text": "25201"
            }
          ]
        },
        {
          "boundingBox": "512,1576,88,21",
          "words": [
            {
              "boundingBox": "512,1576,57,21",
              "text": "$2.50"
            },
            {
              "boundingBox": "576,1582,24,13",
              "text": "ea"
            }
          ]
        },
        {
          "boundingBox": "330,1602,62,17",
          "words": [
            {
              "boundingBox": "330,1602,62,17",
              "text": "01521"
            }
          ]
        },
        {
          "boundingBox": "447,1602,153,18",
          "words": [
            {
              "boundingBox": "447,1602,12,16",
              "text": "7"
            },
            {
              "boundingBox": "496,1607,47,13",
              "text": "case"
            },
            {
              "boundingBox": "550,1602,20,17",
              "text": "of"
            },
            {
              "boundingBox": "578,1602,22,17",
              "text": "12"
            }
          ]
        }
      ]
    },
    {
      "boundingBox": "2126,822,129,18",
      "lines": [
        {
          "boundingBox": "2126,822,66,18",
          "words": [
            {
              "boundingBox": "2126,822,66,18",
              "text": "01529"
            }
          ]
        },
        {
          "boundingBox": "2243,822,12,18",
          "words": [
            {
              "boundingBox": "2243,822,12,18",
              "text": "3"
            }
          ]
        }
      ]
    },
    {
      "boundingBox": "2307,766,92,74",
      "lines": [
        {
          "boundingBox": "2323,766,76,21",
          "words": [
            {
              "boundingBox": "2323,766,76,21",
              "text": "25210"
            }
          ]
        },
        {
          "boundingBox": "2307,822,91,18",
          "words": [
            {
              "boundingBox": "2307,827,46,13",
              "text": "case"
            },
            {
              "boundingBox": "2361,822,19,17",
              "text": "of"
            },
            {
              "boundingBox": "2386,822,12,18",
              "text": "6"
            }
          ]
        }
      ]
    },
    {
      "boundingBox": "833,969,282,91",
      "lines": [
        {
          "boundingBox": "848,969,250,58",
          "words": [
            {
              "boundingBox": "848,969,250,58",
              "text": "Energize"
            }
          ]
        },
        {
          "boundingBox": "833,1028,282,32",
          "words": [
            {
              "boundingBox": "833,1028,163,32",
              "text": "Grapefruit"
            },
            {
              "boundingBox": "1006,1029,23,23",
              "text": "&"
            },
            {
              "boundingBox": "1038,1029,77,23",
              "text": "Basil"
            }
          ]
        }
      ]
    },
    {
      "boundingBox": "1443,969,261,84",
      "lines": [
        {
          "boundingBox": "1459,969,229,44",
          "words": [
            {
              "boundingBox": "1459,969,229,44",
              "text": "Unwind"
            }
          ]
        },
        {
          "boundingBox": "1443,1029,261,24",
          "words": [
            {
              "boundingBox": "1443,1029,145,24",
              "text": "Lavender"
            },
            {
              "boundingBox": "1597,1029,23,23",
              "text": "&"
            },
            {
              "boundingBox": "1630,1029,74,23",
              "text": "Mint"
            }
          ]
        }
      ]
    },
    {
      "boundingBox": "1968,969,412,91",
      "lines": [
        {
          "boundingBox": "1968,969,412,44",
          "words": [
            {
              "boundingBox": "1968,969,167,44",
              "text": "Sweet"
            },
            {
              "boundingBox": "2152,969,228,44",
              "text": "Drearns"
            }
          ]
        },
        {
          "boundingBox": "1989,1036,367,24",
          "words": [
            {
              "boundingBox": "1989,1036,145,24",
              "text": "Lavender"
            },
            {
              "boundingBox": "2143,1036,23,24",
              "text": "&"
            },
            {
              "boundingBox": "2177,1036,179,24",
              "text": "Charnornile"
            }
          ]
        }
      ]
    },
    {
      "boundingBox": "930,1602,129,17",
      "lines": [
        {
          "boundingBox": "930,1602,66,17",
          "words": [
            {
              "boundingBox": "930,1602,66,17",
              "text": "01522"
            }
          ]
        },
        {
          "boundingBox": "1046,1602,13,16",
          "words": [
            {
              "boundingBox": "1046,1602,13,16",
              "text": "4"
            }
          ]
        }
      ]
    },
    {
      "boundingBox": "1096,1546,104,74",
      "lines": [
        {
          "boundingBox": "1126,1546,74,21",
          "words": [
            {
              "boundingBox": "1126,1546,74,21",
              "text": "25202"
            }
          ]
        },
        {
          "boundingBox": "1112,1576,88,21",
          "words": [
            {
              "boundingBox": "1112,1576,57,21",
              "text": "$2.50"
            },
            {
              "boundingBox": "1176,1582,24,13",
              "text": "ea"
            }
          ]
        },
        {
          "boundingBox": "1096,1602,104,18",
          "words": [
            {
              "boundingBox": "1096,1607,47,13",
              "text": "case"
            },
            {
              "boundingBox": "1150,1602,20,17",
              "text": "of"
            },
            {
              "boundingBox": "1178,1602,22,17",
              "text": "12"
            }
          ]
        }
      ]
    },
    {
      "boundingBox": "1696,1546,104,74",
      "lines": [
        {
          "boundingBox": "1726,1546,74,21",
          "words": [
            {
              "boundingBox": "1726,1546,74,21",
              "text": "25203"
            }
          ]
        },
        {
          "boundingBox": "1712,1576,88,21",
          "words": [
            {
              "boundingBox": "1712,1576,57,21",
              "text": "$2.50"
            },
            {
              "boundingBox": "1776,1582,24,13",
              "text": "ea"
            }
          ]
        },
        {
          "boundingBox": "1696,1602,104,18",
          "words": [
            {
              "boundingBox": "1696,1607,47,13",
              "text": "case"
            },
            {
              "boundingBox": "1750,1602,20,17",
              "text": "of"
            },
            {
              "boundingBox": "1778,1602,22,17",
              "text": "12"
            }
          ]
        }
      ]
    },
    {
      "boundingBox": "1351,1602,292,170",
      "lines": [
        {
          "boundingBox": "1530,1602,66,17",
          "words": [
            {
              "boundingBox": "1530,1602,66,17",
              "text": "01523"
            }
          ]
        },
        {
          "boundingBox": "1351,1731,292,41",
          "words": [
            {
              "boundingBox": "1351,1731,88,41",
              "text": "Get"
            },
            {
              "boundingBox": "1454,1731,189,41",
              "text": "Started"
            }
          ]
        }
      ]
    },
    {
      "boundingBox": "2130,1602,129,17",
      "lines": [
        {
          "boundingBox": "2130,1602,66,17",
          "words": [
            {
              "boundingBox": "2130,1602,66,17",
              "text": "01524"
            }
          ]
        },
        {
          "boundingBox": "2247,1602,12,17",
          "words": [
            {
              "boundingBox": "2247,1602,12,17",
              "text": "8"
            }
          ]
        }
      ]
    },
    {
      "boundingBox": "2295,1546,104,74",
      "lines": [
        {
          "boundingBox": "2325,1546,74,21",
          "words": [
            {
              "boundingBox": "2325,1546,74,21",
              "text": "25204"
            }
          ]
        },
        {
          "boundingBox": "2311,1576,88,21",
          "words": [
            {
              "boundingBox": "2311,1576,56,21",
              "text": "$2.50"
            },
            {
              "boundingBox": "2374,1582,25,13",
              "text": "ea"
            }
          ]
        },
        {
          "boundingBox": "2295,1602,104,18",
          "words": [
            {
              "boundingBox": "2295,1607,47,13",
              "text": "case"
            },
            {
              "boundingBox": "2349,1602,20,17",
              "text": "of"
            },
            {
              "boundingBox": "2376,1602,23,17",
              "text": "12"
            }
          ]
        }
      ]
    },
    {
      "boundingBox": "148,1709,1052,467",
      "lines": [
        {
          "boundingBox": "158,1709,895,90",
          "words": [
            {
              "boundingBox": "158,1709,427,90",
              "text": "Sparkling"
            },
            {
              "boundingBox": "610,1710,203,67",
              "text": "Bath"
            },
            {
              "boundingBox": "843,1710,210,67",
              "text": "Soak"
            }
          ]
        },
        {
          "boundingBox": "154,1817,1046,35",
          "words": [
            {
              "boundingBox": "154,1817,143,35",
              "text": "Sparkling"
            },
            {
              "boundingBox": "307,1817,70,27",
              "text": "Bath"
            },
            {
              "boundingBox": "389,1817,84,27",
              "text": "Soaks"
            },
            {
              "boundingBox": "484,1827,46,17",
              "text": "are"
            },
            {
              "boundingBox": "541,1817,166,27",
              "text": "formulated"
            },
            {
              "boundingBox": "716,1817,66,27",
              "text": "with"
            },
            {
              "boundingBox": "793,1817,103,35",
              "text": "Epsom"
            },
            {
              "boundingBox": "908,1817,64,33",
              "text": "Salt,"
            },
            {
              "boundingBox": "985,1817,53,27",
              "text": "Sea"
            },
            {
              "boundingBox": "1049,1817,57,27",
              "text": "Salt"
            },
            {
              "boundingBox": "1116,1817,57,27",
              "text": "and"
            },
            {
              "boundingBox": "1183,1827,17,17",
              "text": "a"
            }
          ]
        },
        {
          "boundingBox": "153,1862,1046,35",
          "words": [
            {
              "boundingBox": "153,1862,40,27",
              "text": "bit"
            },
            {
              "boundingBox": "205,1862,33,27",
              "text": "of"
            },
            {
              "boundingBox": "250,1862,136,35",
              "text": "sparkling"
            },
            {
              "boundingBox": "396,1862,59,27",
              "text": "fizz."
            },
            {
              "boundingBox": "469,1862,87,35",
              "text": "Enjoy"
            },
            {
              "boundingBox": "568,1872,17,17",
              "text": "a"
            },
            {
              "boundingBox": "596,1862,139,27",
              "text": "luxurious"
            },
            {
              "boundingBox": "748,1862,56,27",
              "text": "and"
            },
            {
              "boundingBox": "816,1862,169,35",
              "text": "therapeutic"
            },
            {
              "boundingBox": "997,1862,67,27",
              "text": "bath"
            },
            {
              "boundingBox": "1075,1862,66,27",
              "text": "with"
            },
            {
              "boundingBox": "1154,1862,45,27",
              "text": "all-"
            }
          ]
        },
        {
          "boundingBox": "153,1907,725,35",
          "words": [
            {
              "boundingBox": "153,1907,107,27",
              "text": "natural"
            },
            {
              "boundingBox": "270,1907,165,35",
              "text": "ingredients"
            },
            {
              "boundingBox": "446,1907,56,27",
              "text": "and"
            },
            {
              "boundingBox": "517,1907,83,27",
              "text": "100%"
            },
            {
              "boundingBox": "610,1917,68,25",
              "text": "pure"
            },
            {
              "boundingBox": "689,1907,124,27",
              "text": "essential"
            },
            {
              "boundingBox": "823,1907,55,27",
              "text": "oils."
            }
          ]
        },
        {
          "boundingBox": "148,2025,308,151",
          "words": [
            {
              "boundingBox": "148,2025,308,151",
              "text": "New!"
            }
          ]
        }
      ]
    },
    {
      "boundingBox": "1351,1805,758,239",
      "lines": [
        {
          "boundingBox": "1353,1805,756,36",
          "words": [
            {
              "boundingBox": "1353,1805,60,27",
              "text": "The"
            },
            {
              "boundingBox": "1423,1805,163,36",
              "text": "Sparkling"
            },
            {
              "boundingBox": "1595,1805,77,27",
              "text": "Bath"
            },
            {
              "boundingBox": "1683,1805,81,27",
              "text": "Soak"
            },
            {
              "boundingBox": "1774,1805,116,27",
              "text": "Starter"
            },
            {
              "boundingBox": "1899,1805,51,27",
              "text": "Set"
            },
            {
              "boundingBox": "1958,1805,151,27",
              "text": "includes:"
            }
          ]
        },
        {
          "boundingBox": "1351,1850,317,36",
          "words": [
            {
              "boundingBox": "1351,1861,8,8",
              "text": "•"
            },
            {
              "boundingBox": "1373,1851,35,27",
              "text": "12"
            },
            {
              "boundingBox": "1418,1850,76,27",
              "text": "each"
            },
            {
              "boundingBox": "1504,1850,37,36",
              "text": "of"
            },
            {
              "boundingBox": "1544,1851,19,25",
              "text": "4"
            },
            {
              "boundingBox": "1572,1850,96,36",
              "text": "styles"
            }
          ]
        },
        {
          "boundingBox": "1351,1895,569,36",
          "words": [
            {
              "boundingBox": "1351,1906,8,8",
              "text": "•"
            },
            {
              "boundingBox": "1373,1896,16,25",
              "text": "1"
            },
            {
              "boundingBox": "1401,1896,66,26",
              "text": "18.5"
            },
            {
              "boundingBox": "1475,1895,72,27",
              "text": "inch"
            },
            {
              "boundingBox": "1557,1895,81,27",
              "text": "wide"
            },
            {
              "boundingBox": "1651,1895,131,27",
              "text": "Wooden"
            },
            {
              "boundingBox": "1791,1895,129,36",
              "text": "Display"
            }
          ]
        },
        {
          "boundingBox": "1351,1940,686,36",
          "words": [
            {
              "boundingBox": "1351,1951,8,8",
              "text": "•"
            },
            {
              "boundingBox": "1371,1941,19,25",
              "text": "4"
            },
            {
              "boundingBox": "1400,1940,143,27",
              "text": "assorted"
            },
            {
              "boundingBox": "1550,1940,86,27",
              "text": "units"
            },
            {
              "boundingBox": "1646,1940,86,35",
              "text": "offset"
            },
            {
              "boundingBox": "1742,1940,14,36",
              "text": "("
            },
            {
              "boundingBox": "1760,1940,55,30",
              "text": "$24"
            },
            {
              "boundingBox": "1824,1940,102,27",
              "text": "Retail"
            },
            {
              "boundingBox": "1939,1940,98,36",
              "text": "Value)"
            }
          ]
        },
        {
          "boundingBox": "1352,2012,501,32",
          "words": [
            {
              "boundingBox": "1352,2012,150,32",
              "text": "Sparkling"
            },
            {
              "boundingBox": "1514,2012,71,25",
              "text": "Bath"
            },
            {
              "boundingBox": "1597,2012,79,25",
              "text": "Soak"
            },
            {
              "boundingBox": "1686,2012,107,25",
              "text": "Starter"
            },
            {
              "boundingBox": "1802,2012,51,25",
              "text": "Set"
            }
          ]
        }
      ]
    },
    {
      "boundingBox": "1762,2052,91,58",
      "lines": [
        {
          "boundingBox": "1762,2052,90,25",
          "words": [
            {
              "boundingBox": "1762,2052,90,25",
              "text": "22012"
            }
          ]
        },
        {
          "boundingBox": "1794,2085,59,25",
          "words": [
            {
              "boundingBox": "1794,2085,59,25",
              "text": "$168"
            }
          ]
        }
      ]
    },
    {
      "boundingBox": "1415,2091,242,467",
      "lines": [
        {
          "boundingBox": "1418,2091,64,18",
          "words": [
            {
              "boundingBox": "1418,2091,64,18",
              "text": "11615"
            }
          ]
        },
        {
          "boundingBox": "1529,2091,65,18",
          "words": [
            {
              "boundingBox": "1529,2091,65,18",
              "text": "01202"
            }
          ]
        },
        {
          "boundingBox": "1415,2521,242,37",
          "words": [
            {
              "boundingBox": "1415,2521,111,36",
              "text": "Bath"
            },
            {
              "boundingBox": "1540,2521,117,37",
              "text": "Soak"
            }
          ]
        }
      ]
    },
    {
      "boundingBox": "244,2521,381,531",
      "lines": [
        {
          "boundingBox": "323,2521,240,39",
          "words": [
            {
              "boundingBox": "323,2522,111,38",
              "text": "Bath"
            },
            {
              "boundingBox": "449,2521,114,39",
              "text": "Soak"
            }
          ]
        },
        {
          "boundingBox": "329,2587,228,33",
          "words": [
            {
              "boundingBox": "329,2590,78,30",
              "text": "Rise"
            },
            {
              "boundingBox": "416,2590,33,30",
              "text": "&"
            },
            {
              "boundingBox": "458,2587,51,30",
              "text": "Shi"
            },
            {
              "boundingBox": "515,2599,42,18",
              "text": "ne"
            }
          ]
        },
        {
          "boundingBox": "244,3019,381,33",
          "words": [
            {
              "boundingBox": "244,3019,92,33",
              "text": "Rise"
            },
            {
              "boundingBox": "350,3019,32,33",
              "text": "&"
            },
            {
              "boundingBox": "396,3019,115,33",
              "text": "Shine"
            },
            {
              "boundingBox": "523,3019,102,33",
              "text": "refill"
            }
          ]
        }
      ]
    },
    {
      "boundingBox": "878,2521,243,105",
      "lines": [
        {
          "boundingBox": "878,2521,243,39",
          "words": [
            {
              "boundingBox": "878,2521,111,39",
              "text": "Bath"
            },
            {
              "boundingBox": "1004,2524,117,36",
              "text": "Soak"
            }
          ]
        },
        {
          "boundingBox": "923,2590,168,36",
          "words": [
            {
              "boundingBox": "923,2590,154,36",
              "text": "Energ•ze"
            },
            {
              "boundingBox": "1088,2617,3,3",
              "text": ","
            }
          ]
        }
      ]
    },
    {
      "boundingBox": "779,2839,990,84",
      "lines": [
        {
          "boundingBox": "779,2839,990,84",
          "words": [
            {
              "boundingBox": "779,2839,990,84",
              "text": "hydraAROMATHERAPY"
            }
          ]
        }
      ]
    },
    {
      "boundingBox": "855,3019,297,43",
      "lines": [
        {
          "boundingBox": "855,3019,297,43",
          "words": [
            {
              "boundingBox": "855,3019,184,43",
              "text": "Energize"
            },
            {
              "boundingBox": "1051,3019,101,33",
              "text": "refill"
            }
          ]
        }
      ]
    },
    {
      "boundingBox": "1414,3019,281,33",
      "lines": [
        {
          "boundingBox": "1414,3019,281,33",
          "words": [
            {
              "boundingBox": "1414,3019,168,33",
              "text": "Unwind"
            },
            {
              "boundingBox": "1594,3019,101,33",
              "text": "refill"
            }
          ]
        }
      ]
    },
    {
      "boundingBox": "1909,2521,417,531",
      "lines": [
        {
          "boundingBox": "1954,2521,240,39",
          "words": [
            {
              "boundingBox": "1954,2521,111,39",
              "text": "Bath"
            },
            {
              "boundingBox": "2080,2521,114,39",
              "text": "Soak"
            }
          ]
        },
        {
          "boundingBox": "1948,2590,255,30",
          "words": [
            {
              "boundingBox": "1948,2590,108,30",
              "text": "Sweet"
            },
            {
              "boundingBox": "2068,2590,135,27",
              "text": "Dreams"
            }
          ]
        },
        {
          "boundingBox": "1909,3019,417,33",
          "words": [
            {
              "boundingBox": "1909,3019,123,33",
              "text": "Sweet"
            },
            {
              "boundingBox": "2044,3019,168,33",
              "text": "Drearns"
            },
            {
              "boundingBox": "2224,3019,102,33",
              "text": "refill"
            }
          ]
        }
      ]
    },
    {
      "boundingBox": "275,3131,176,18",
      "lines": [
        {
          "boundingBox": "275,3131,65,18",
          "words": [
            {
              "boundingBox": "275,3131,65,18",
              "text": "11615"
            }
          ]
        },
        {
          "boundingBox": "388,3131,63,18",
          "words": [
            {
              "boundingBox": "388,3131,63,18",
              "text": "01221"
            }
          ]
        }
      ]
    },
    {
      "boundingBox": "555,3076,104,74",
      "lines": [
        {
          "boundingBox": "584,3076,71,21",
          "words": [
            {
              "boundingBox": "584,3076,71,21",
              "text": "22201"
            }
          ]
        },
        {
          "boundingBox": "555,3132,104,18",
          "words": [
            {
              "boundingBox": "555,3137,46,13",
              "text": "case"
            },
            {
              "boundingBox": "608,3132,20,17",
              "text": "of"
            },
            {
              "boundingBox": "636,3132,23,17",
              "text": "12"
            }
          ]
        }
      ]
    },
    {
      "boundingBox": "844,3131,180,18",
      "lines": [
        {
          "boundingBox": "844,3131,65,18",
          "words": [
            {
              "boundingBox": "844,3131,65,18",
              "text": "11615"
            }
          ]
        },
        {
          "boundingBox": "957,3131,67,18",
          "words": [
            {
              "boundingBox": "957,3131,67,18",
              "text": "01222"
            }
          ]
        }
      ]
    },
    {
      "boundingBox": "1124,3076,104,74",
      "lines": [
        {
          "boundingBox": "1153,3076,75,21",
          "words": [
            {
              "boundingBox": "1153,3076,75,21",
              "text": "22202"
            }
          ]
        },
        {
          "boundingBox": "1124,3132,104,18",
          "words": [
            {
              "boundingBox": "1124,3137,47,13",
              "text": "case"
            },
            {
              "boundingBox": "1178,3132,19,17",
              "text": "of"
            },
            {
              "boundingBox": "1205,3132,23,17",
              "text": "12"
            }
          ]
        }
      ]
    },
    {
      "boundingBox": "1396,3131,179,18",
      "lines": [
        {
          "boundingBox": "1396,3131,65,18",
          "words": [
            {
              "boundingBox": "1396,3131,65,18",
              "text": "11615"
            }
          ]
        },
        {
          "boundingBox": "1508,3131,67,18",
          "words": [
            {
              "boundingBox": "1508,3131,67,18",
              "text": "01223"
            }
          ]
        }
      ]
    },
    {
      "boundingBox": "1675,3076,104,74",
      "lines": [
        {
          "boundingBox": "1705,3076,74,21",
          "words": [
            {
              "boundingBox": "1705,3076,74,21",
              "text": "22203"
            }
          ]
        },
        {
          "boundingBox": "1675,3132,104,18",
          "words": [
            {
              "boundingBox": "1675,3137,47,13",
              "text": "case"
            },
            {
              "boundingBox": "1729,3132,20,17",
              "text": "of"
            },
            {
              "boundingBox": "1756,3132,23,17",
              "text": "12"
            }
          ]
        }
      ]
    },
    {
      "boundingBox": "1958,3131,179,18",
      "lines": [
        {
          "boundingBox": "1958,3131,64,18",
          "words": [
            {
              "boundingBox": "1958,3131,64,18",
              "text": "11615"
            }
          ]
        },
        {
          "boundingBox": "2070,3131,67,18",
          "words": [
            {
              "boundingBox": "2070,3131,67,18",
              "text": "01224"
            }
          ]
        }
      ]
    },
    {
      "boundingBox": "2236,3076,104,74",
      "lines": [
        {
          "boundingBox": "2265,3076,75,21",
          "words": [
            {
              "boundingBox": "2265,3076,75,21",
              "text": "22204"
            }
          ]
        },
        {
          "boundingBox": "2236,3132,104,18",
          "words": [
            {
              "boundingBox": "2236,3137,47,13",
              "text": "case"
            },
            {
              "boundingBox": "2290,3132,19,17",
              "text": "of"
            },
            {
              "boundingBox": "2317,3132,23,17",
              "text": "12"
            }
          ]
        }
      ]
    }
  ]
}