{
  "language": "en",
  "orientation": "Up",
  "textAngle": 0.0,
  "regions": [
    {
      "boundingBox": "157,781,1524,116",
      "lines": [
        {
          "boundingBox": "157,781,1524,116",
          "words": [
            {
              "boundingBox": "157,781,421,87",
              "text": "Shower"
            },
            {
              "boundingBox": "611,781,372,87",
              "text": "Bursts"
            },
            {
              "boundingBox": "1018,781,137,116",
              "text": "by"
            },
            {
              "boundingBox": "1189,781,177,87",
              "text": "the"
            },
            {
              "boundingBox": "1407,781,274,87",
              "text": "Case"
            }
          ]
        }
      ]
    },
    {
      "boundingBox": "215,990,320,58",
      "lines": [
        {
          "boundingBox": "215,990,320,58",
          "words": [
            {
              "boundingBox": "215,990,320,58",
              "text": "Eucalyptus"
            }
          ]
        }
      ]
    },
    {
      "boundingBox": "822,990,306,58",
      "lines": [
        {
          "boundingBox": "822,990,306,58",
          "words": [
            {
              "boundingBox": "822,990,306,58",
              "text": "Grapefruit"
            }
          ]
        }
      ]
    },
    {
      "boundingBox": "1440,990,270,44",
      "lines": [
        {
          "boundingBox": "1440,990,270,44",
          "words": [
            {
              "boundingBox": "1440,990,270,44",
              "text": "Lavender"
            }
          ]
        }
      ]
    },
    {
      "boundingBox": "1996,991,357,57",
      "lines": [
        {
          "boundingBox": "1996,991,357,57",
          "words": [
            {
              "boundingBox": "1996,991,357,57",
              "text": "Lemongrass"
            }
          ]
        }
      ]
    },
    {
      "boundingBox": "190,1290,268,507",
      "lines": [
        {
          "boundingBox": "190,1290,120,18",
          "words": [
            {
              "boundingBox": "190,1290,21,18",
              "text": "S'"
            },
            {
              "boundingBox": "217,1290,93,18",
              "text": "IOW\".R"
            }
          ]
        },
        {
          "boundingBox": "209,1600,192,19",
          "words": [
            {
              "boundingBox": "209,1600,83,19",
              "text": "11615"
            },
            {
              "boundingBox": "316,1600,85,19",
              "text": "01541"
            }
          ]
        },
        {
          "boundingBox": "446,1601,12,18",
          "words": [
            {
              "boundingBox": "446,1601,12,18",
              "text": "5"
            }
          ]
        },
        {
          "boundingBox": "299,1739,150,58",
          "words": [
            {
              "boundingBox": "299,1739,150,58",
              "text": "Ruby"
            }
          ]
        }
      ]
    },
    {
      "boundingBox": "495,1547,104,74",
      "lines": [
        {
          "boundingBox": "525,1547,71,21",
          "words": [
            {
              "boundingBox": "525,1547,71,21",
              "text": "25401"
            }
          ]
        },
        {
          "boundingBox": "511,1577,88,21",
          "words": [
            {
              "boundingBox": "511,1577,56,21",
              "text": "$2.50"
            },
            {
              "boundingBox": "574,1583,25,13",
              "text": "ea"
            }
          ]
        },
        {
          "boundingBox": "495,1603,104,18",
          "words": [
            {
              "boundingBox": "495,1608,47,13",
              "text": "case"
            },
            {
              "boundingBox": "549,1603,20,17",
              "text": "of"
            },
            {
              "boundingBox": "576,1603,23,17",
              "text": "12"
            }
          ]
        }
      ]
    },
    {
      "boundingBox": "222,1801,306,57",
      "lines": [
        {
          "boundingBox": "222,1801,306,57",
          "words": [
            {
              "boundingBox": "222,1801,306,57",
              "text": "Grapefruit"
            }
          ]
        }
      ]
    },
    {
      "boundingBox": "809,1600,267,243",
      "lines": [
        {
          "boundingBox": "809,1600,249,19",
          "words": [
            {
              "boundingBox": "809,1600,83,19",
              "text": "11615"
            },
            {
              "boundingBox": "916,1600,85,19",
              "text": "01542"
            },
            {
              "boundingBox": "1045,1600,13,19",
              "text": "2"
            }
          ]
        },
        {
          "boundingBox": "897,1738,157,57",
          "words": [
            {
              "boundingBox": "897,1738,157,57",
              "text": "Zesty"
            }
          ]
        },
        {
          "boundingBox": "874,1800,202,43",
          "words": [
            {
              "boundingBox": "874,1800,202,43",
              "text": "Lemon"
            }
          ]
        }
      ]
    },
    {
      "boundingBox": "1092,1547,107,823",
      "lines": [
        {
          "boundingBox": "1125,1547,74,21",
          "words": [
            {
              "boundingBox": "1125,1547,74,21",
              "text": "25402"
            }
          ]
        },
        {
          "boundingBox": "1111,1577,88,21",
          "words": [
            {
              "boundingBox": "1111,1577,56,21",
              "text": "$2.50"
            },
            {
              "boundingBox": "1174,1583,25,13",
              "text": "ea"
            }
          ]
        },
        {
          "boundingBox": "1095,1603,104,18",
          "words": [
            {
              "boundingBox": "1095,1608,47,13",
              "text": "case"
            },
            {
              "boundingBox": "1149,1603,20,17",
              "text": "of"
            },
            {
              "boundingBox": "1176,1603,23,17",
              "text": "12"
            }
          ]
        },
        {
          "boundingBox": "1122,2296,75,21",
          "words": [
            {
              "boundingBox": "1122,2296,75,21",
              "text": "25770"
            }
          ]
        },
        {
          "boundingBox": "1108,2326,88,21",
          "words": [
            {
              "boundingBox": "1108,2326,56,21",
              "text": "$2.50"
            },
            {
              "boundingBox": "1171,2332,25,13",
              "text": "ea"
            }
          ]
        },
        {
          "boundingBox": "1092,2352,104,18",
          "words": [
            {
              "boundingBox": "1092,2357,47,13",
              "text": "case"
            },
            {
              "boundingBox": "1146,2352,20,17",
              "text": "of"
            },
            {
              "boundingBox": "1173,2352,23,17",
              "text": "12"
            }
          ]
        }
      ]
    },
    {
      "boundingBox": "1388,1289,270,554",
      "lines": [
        {
          "boundingBox": "1388,1289,216,21",
          "words": [
            {
              "boundingBox": "1388,1289,121,21",
              "text": "SHOWER"
            },
            {
              "boundingBox": "1515,1289,89,19",
              "text": "m,'RSV"
            }
          ]
        },
        {
          "boundingBox": "1409,1600,249,19",
          "words": [
            {
              "boundingBox": "1409,1600,83,19",
              "text": "11615"
            },
            {
              "boundingBox": "1516,1600,85,19",
              "text": "01543"
            },
            {
              "boundingBox": "1645,1600,13,19",
              "text": "9"
            }
          ]
        },
        {
          "boundingBox": "1520,1738,111,57",
          "words": [
            {
              "boundingBox": "1520,1738,111,57",
              "text": "Key"
            }
          ]
        },
        {
          "boundingBox": "1501,1799,148,44",
          "words": [
            {
              "boundingBox": "1501,1799,148,44",
              "text": "Lirne"
            }
          ]
        }
      ]
    },
    {
      "boundingBox": "1692,1550,107,820",
      "lines": [
        {
          "boundingBox": "1725,1550,74,21",
          "words": [
            {
              "boundingBox": "1725,1550,74,21",
              "text": "25403"
            }
          ]
        },
        {
          "boundingBox": "1711,1577,88,21",
          "words": [
            {
              "boundingBox": "1711,1577,56,21",
              "text": "$2.50"
            },
            {
              "boundingBox": "1774,1583,25,13",
              "text": "ea"
            }
          ]
        },
        {
          "boundingBox": "1695,1603,104,18",
          "words": [
            {
              "boundingBox": "1695,1608,47,13",
              "text": "case"
            },
            {
              "boundingBox": "1749,1603,20,17",
              "text": "of"
            },
            {
              "boundingBox": "1776,1603,23,17",
              "text": "12"
            }
          ]
        },
        {
          "boundingBox": "1722,2296,75,21",
          "words": [
            {
              "boundingBox": "1722,2296,75,21",
              "text": "25780"
            }
          ]
        },
        {
          "boundingBox": "1708,2326,88,21",
          "words": [
            {
              "boundingBox": "1708,2326,56,21",
              "text": "$2.50"
            },
            {
              "boundingBox": "1771,2332,25,13",
              "text": "ea"
            }
          ]
        },
        {
          "boundingBox": "1692,2352,104,18",
          "words": [
            {
              "boundingBox": "1692,2357,47,13",
              "text": "case"
            },
            {
              "boundingBox": "1746,2352,20,17",
              "text": "of"
            },
            {
              "boundingBox": "1773,2352,23,17",
              "text": "12"
            }
          ]
        }
      ]
    },
    {
      "boundingBox": "2009,1600,271,257",
      "lines": [
        {
          "boundingBox": "2009,1600,249,19",
          "words": [
            {
              "boundingBox": "2009,1600,83,19",
              "text": "11615"
            },
            {
              "boundingBox": "2116,1600,86,19",
              "text": "01544"
            },
            {
              "boundingBox": "2245,1600,13,19",
              "text": "6"
            }
          ]
        },
        {
          "boundingBox": "2070,1737,210,44",
          "words": [
            {
              "boundingBox": "2070,1737,210,44",
              "text": "Florida"
            }
          ]
        },
        {
          "boundingBox": "2070,1799,210,58",
          "words": [
            {
              "boundingBox": "2070,1799,210,58",
              "text": "Orange"
            }
          ]
        }
      ]
    },
    {
      "boundingBox": "209,2350,193,19",
      "lines": [
        {
          "boundingBox": "209,2350,193,19",
          "words": [
            {
              "boundingBox": "209,2350,83,19",
              "text": "11615"
            },
            {
              "boundingBox": "316,2350,86,19",
              "text": "01576"
            }
          ]
        }
      ]
    },
    {
      "boundingBox": "446,2351,12,18",
      "lines": [
        {
          "boundingBox": "446,2351,12,18",
          "words": [
            {
              "boundingBox": "446,2351,12,18",
              "text": "7"
            }
          ]
        }
      ]
    },
    {
      "boundingBox": "495,2296,105,74",
      "lines": [
        {
          "boundingBox": "525,2296,75,21",
          "words": [
            {
              "boundingBox": "525,2296,75,21",
              "text": "25760"
            }
          ]
        },
        {
          "boundingBox": "511,2326,88,21",
          "words": [
            {
              "boundingBox": "511,2326,56,21",
              "text": "$2.50"
            },
            {
              "boundingBox": "574,2332,25,13",
              "text": "ea"
            }
          ]
        },
        {
          "boundingBox": "495,2352,104,18",
          "words": [
            {
              "boundingBox": "495,2357,47,13",
              "text": "case"
            },
            {
              "boundingBox": "549,2352,20,17",
              "text": "of"
            },
            {
              "boundingBox": "576,2352,23,17",
              "text": "12"
            }
          ]
        }
      ]
    },
    {
      "boundingBox": "809,2350,193,19",
      "lines": [
        {
          "boundingBox": "809,2350,193,19",
          "words": [
            {
              "boundingBox": "809,2350,83,19",
              "text": "11615"
            },
            {
              "boundingBox": "916,2350,86,19",
              "text": "01577"
            }
          ]
        }
      ]
    },
    {
      "boundingBox": "1045,2351,13,18",
      "lines": [
        {
          "boundingBox": "1045,2351,13,18",
          "words": [
            {
              "boundingBox": "1045,2351,13,18",
              "text": "4"
            }
          ]
        }
      ]
    },
    {
      "boundingBox": "1409,2350,83,19",
      "lines": [
        {
          "boundingBox": "1409,2350,83,19",
          "words": [
            {
              "boundingBox": "1409,2350,83,19",
              "text": "11615"
            }
          ]
        }
      ]
    },
    {
      "boundingBox": "1516,2350,86,19",
      "lines": [
        {
          "boundingBox": "1516,2350,86,19",
          "words": [
            {
              "boundingBox": "1516,2350,86,19",
              "text": "01578"
            }
          ]
        }
      ]
    },
    {
      "boundingBox": "1647,2350,11,19",
      "lines": [
        {
          "boundingBox": "1647,2350,11,19",
          "words": [
            {
              "boundingBox": "1647,2350,11,19",
              "text": "1"
            }
          ]
        }
      ]
    },
    {
      "boundingBox": "1913,2350,309,769",
      "lines": [
        {
          "boundingBox": "2009,2350,193,19",
          "words": [
            {
              "boundingBox": "2009,2350,83,19",
              "text": "11615"
            },
            {
              "boundingBox": "2116,2350,86,19",
              "text": "01579"
            }
          ]
        },
        {
          "boundingBox": "2021,2784,99,18",
          "words": [
            {
              "boundingBox": "2021,2784,99,18",
              "text": "SACHET"
            }
          ]
        },
        {
          "boundingBox": "1913,3021,209,25",
          "words": [
            {
              "boundingBox": "1913,3021,89,25",
              "text": "White"
            },
            {
              "boundingBox": "2013,3021,109,25",
              "text": "Sachet"
            }
          ]
        },
        {
          "boundingBox": "1973,3100,192,19",
          "words": [
            {
              "boundingBox": "1973,3100,83,19",
              "text": "11615"
            },
            {
              "boundingBox": "2080,3100,85,19",
              "text": "01002"
            }
          ]
        },
        {
          "boundingBox": "2211,3100,11,19",
          "words": [
            {
              "boundingBox": "2211,3100,11,19",
              "text": "1"
            }
          ]
        }
      ]
    },
    {
      "boundingBox": "2245,2350,13,19",
      "lines": [
        {
          "boundingBox": "2245,2350,13,19",
          "words": [
            {
              "boundingBox": "2245,2350,13,19",
              "text": "8"
            }
          ]
        }
      ]
    },
    {
      "boundingBox": "183,2483,1050,404",
      "lines": [
        {
          "boundingBox": "186,2483,1034,73",
          "words": [
            {
              "boundingBox": "186,2483,351,73",
              "text": "Shower"
            },
            {
              "boundingBox": "564,2484,263,72",
              "text": "Burst"
            },
            {
              "boundingBox": "859,2483,361,73",
              "text": "Sachets"
            }
          ]
        },
        {
          "boundingBox": "184,2606,1048,36",
          "words": [
            {
              "boundingBox": "184,2607,81,35",
              "text": "The"
            },
            {
              "boundingBox": "296,2606,150,36",
              "text": "Shower"
            },
            {
              "boundingBox": "473,2607,106,35",
              "text": "Burst"
            },
            {
              "boundingBox": "608,2606,132,36",
              "text": "Sachet"
            },
            {
              "boundingBox": "768,2607,120,35",
              "text": "allows"
            },
            {
              "boundingBox": "917,2607,53,35",
              "text": "air"
            },
            {
              "boundingBox": "998,2614,37,28",
              "text": "to"
            },
            {
              "boundingBox": "1064,2607,168,35",
              "text": "circulate"
            }
          ]
        },
        {
          "boundingBox": "184,2665,1049,47",
          "words": [
            {
              "boundingBox": "184,2665,143,35",
              "text": "around"
            },
            {
              "boundingBox": "337,2665,61,35",
              "text": "the"
            },
            {
              "boundingBox": "410,2665,150,35",
              "text": "Shower"
            },
            {
              "boundingBox": "569,2665,116,44",
              "text": "Burst,"
            },
            {
              "boundingBox": "697,2665,149,47",
              "text": "helping"
            },
            {
              "boundingBox": "854,2665,43,35",
              "text": "its"
            },
            {
              "boundingBox": "908,2665,164,35",
              "text": "essential"
            },
            {
              "boundingBox": "1083,2665,64,35",
              "text": "oils"
            },
            {
              "boundingBox": "1157,2665,76,34",
              "text": "mix"
            }
          ]
        },
        {
          "boundingBox": "183,2723,1049,47",
          "words": [
            {
              "boundingBox": "183,2723,87,36",
              "text": "with"
            },
            {
              "boundingBox": "286,2723,60,36",
              "text": "the"
            },
            {
              "boundingBox": "363,2723,110,47",
              "text": "rising"
            },
            {
              "boundingBox": "488,2730,114,29",
              "text": "steam"
            },
            {
              "boundingBox": "618,2723,75,36",
              "text": "and"
            },
            {
              "boundingBox": "709,2723,167,47",
              "text": "allowing"
            },
            {
              "boundingBox": "890,2723,27,36",
              "text": "it"
            },
            {
              "boundingBox": "932,2730,37,29",
              "text": "to"
            },
            {
              "boundingBox": "986,2723,67,47",
              "text": "dry"
            },
            {
              "boundingBox": "1067,2723,165,36",
              "text": "between"
            }
          ]
        },
        {
          "boundingBox": "184,2781,1049,47",
          "words": [
            {
              "boundingBox": "184,2794,89,23",
              "text": "uses."
            },
            {
              "boundingBox": "301,2782,118,46",
              "text": "Using"
            },
            {
              "boundingBox": "432,2794,22,23",
              "text": "a"
            },
            {
              "boundingBox": "468,2781,132,36",
              "text": "Sachet"
            },
            {
              "boundingBox": "613,2782,101,46",
              "text": "helps"
            },
            {
              "boundingBox": "730,2781,150,36",
              "text": "Shower"
            },
            {
              "boundingBox": "892,2782,122,35",
              "text": "Bursts"
            },
            {
              "boundingBox": "1027,2782,67,35",
              "text": "last"
            },
            {
              "boundingBox": "1106,2782,127,46",
              "text": "longer"
            }
          ]
        },
        {
          "boundingBox": "183,2840,778,47",
          "words": [
            {
              "boundingBox": "183,2840,48,47",
              "text": "by"
            },
            {
              "boundingBox": "243,2840,157,47",
              "text": "keeping"
            },
            {
              "boundingBox": "412,2840,102,35",
              "text": "them"
            },
            {
              "boundingBox": "528,2847,65,28",
              "text": "out"
            },
            {
              "boundingBox": "606,2840,44,35",
              "text": "of"
            },
            {
              "boundingBox": "665,2840,169,47",
              "text": "standing"
            },
            {
              "boundingBox": "845,2847,116,28",
              "text": "water."
            }
          ]
        }
      ]
    },
    {
      "boundingBox": "2288,1550,111,1521",
      "lines": [
        {
          "boundingBox": "2325,1550,74,21",
          "words": [
            {
              "boundingBox": "2325,1550,74,21",
              "text": "25404"
            }
          ]
        },
        {
          "boundingBox": "2311,1577,88,21",
          "words": [
            {
              "boundingBox": "2311,1577,56,21",
              "text": "$2.50"
            },
            {
              "boundingBox": "2374,1583,25,13",
              "text": "ea"
            }
          ]
        },
        {
          "boundingBox": "2295,1603,104,18",
          "words": [
            {
              "boundingBox": "2295,1608,47,13",
              "text": "case"
            },
            {
              "boundingBox": "2349,1603,20,17",
              "text": "of"
            },
            {
              "boundingBox": "2376,1603,23,17",
              "text": "12"
            }
          ]
        },
        {
          "boundingBox": "2322,2296,75,21",
          "words": [
            {
              "boundingBox": "2322,2296,75,21",
              "text": "25790"
            }
          ]
        },
        {
          "boundingBox": "2308,2326,88,21",
          "words": [
            {
              "boundingBox": "2308,2326,56,21",
              "text": "$2.50"
            },
            {
              "boundingBox": "2371,2332,25,13",
              "text": "ea"
            }
          ]
        },
        {
          "boundingBox": "2292,2352,104,18",
          "words": [
            {
              "boundingBox": "2292,2357,47,13",
              "text": "case"
            },
            {
              "boundingBox": "2346,2352,20,17",
              "text": "of"
            },
            {
              "boundingBox": "2373,2352,23,17",
              "text": "12"
            }
          ]
        },
        {
          "boundingBox": "2288,3050,73,21",
          "words": [
            {
              "boundingBox": "2288,3050,73,21",
              "text": "75002"
            }
          ]
        }
      ]
    },
    {
      "boundingBox": "1312,3044,449,86",
      "lines": [
        {
          "boundingBox": "1312,3044,449,27",
          "words": [
            {
              "boundingBox": "1312,3044,94,27",
              "text": "Black"
            },
            {
              "boundingBox": "1415,3044,142,27",
              "text": "Damask"
            },
            {
              "boundingBox": "1568,3044,125,27",
              "text": "Sachets"
            },
            {
              "boundingBox": "1702,3054,59,17",
              "text": "can"
            }
          ]
        },
        {
          "boundingBox": "1314,3094,444,36",
          "words": [
            {
              "boundingBox": "1314,3094,36,27",
              "text": "be"
            },
            {
              "boundingBox": "1351,3094,107,36",
              "text": "found"
            },
            {
              "boundingBox": "1466,3104,41,17",
              "text": "on"
            },
            {
              "boundingBox": "1517,3094,51,27",
              "text": "the"
            },
            {
              "boundingBox": "1579,3094,77,27",
              "text": "back"
            },
            {
              "boundingBox": "1666,3104,92,17",
              "text": "cover"
            }
          ]
        }
      ]
    },
    {
      "boundingBox": "2258,3077,104,44",
      "lines": [
        {
          "boundingBox": "2273,3077,89,21",
          "words": [
            {
              "boundingBox": "2273,3077,57,21",
              "text": "$0.75"
            },
            {
              "boundingBox": "2337,3083,25,13",
              "text": "ea"
            }
          ]
        },
        {
          "boundingBox": "2258,3103,104,18",
          "words": [
            {
              "boundingBox": "2258,3108,46,13",
              "text": "tzse"
            },
            {
              "boundingBox": "2312,3103,19,17",
              "text": "of"
            },
            {
              "boundingBox": "2339,3103,23,17",
              "text": "12"
            }
          ]
        }
      ]
    }
  ]
}