{
  "language": "en",
  "orientation": "Up",
  "textAngle": 0.0,
  "regions": [
    {
      "boundingBox": "157,186,2177,857",
      "lines": [
        {
          "boundingBox": "216,186,2118,184",
          "words": [
            {
              "boundingBox": "216,186,2118,184",
              "text": "hydraAROMATHERAPY"
            }
          ]
        },
        {
          "boundingBox": "219,423,277,47",
          "words": [
            {
              "boundingBox": "219,423,133,47",
              "text": "hydra"
            },
            {
              "boundingBox": "365,436,131,23",
              "text": "cares."
            }
          ]
        },
        {
          "boundingBox": "219,502,2113,47",
          "words": [
            {
              "boundingBox": "219,502,69,35",
              "text": "We"
            },
            {
              "boundingBox": "301,502,161,35",
              "text": "believe"
            },
            {
              "boundingBox": "476,502,44,35",
              "text": "in"
            },
            {
              "boundingBox": "534,502,145,47",
              "text": "caring"
            },
            {
              "boundingBox": "691,502,67,35",
              "text": "for"
            },
            {
              "boundingBox": "769,502,200,47",
              "text": "yourself,"
            },
            {
              "boundingBox": "983,515,105,34",
              "text": "your"
            },
            {
              "boundingBox": "1100,502,148,47",
              "text": "family"
            },
            {
              "boundingBox": "1262,502,85,35",
              "text": "and"
            },
            {
              "boundingBox": "1360,515,105,34",
              "text": "your"
            },
            {
              "boundingBox": "1477,502,172,35",
              "text": "friends."
            },
            {
              "boundingBox": "1676,502,68,35",
              "text": "We"
            },
            {
              "boundingBox": "1757,502,162,35",
              "text": "believe"
            },
            {
              "boundingBox": "1933,502,44,35",
              "text": "in"
            },
            {
              "boundingBox": "1991,502,145,47",
              "text": "caring"
            },
            {
              "boundingBox": "2148,502,67,35",
              "text": "for"
            },
            {
              "boundingBox": "2226,515,106,34",
              "text": "your"
            }
          ]
        },
        {
          "boundingBox": "219,562,2113,47",
          "words": [
            {
              "boundingBox": "219,562,135,44",
              "text": "mind,"
            },
            {
              "boundingBox": "367,562,114,47",
              "text": "body"
            },
            {
              "boundingBox": "494,562,85,35",
              "text": "and"
            },
            {
              "boundingBox": "592,562,107,35",
              "text": "soul."
            },
            {
              "boundingBox": "724,562,69,35",
              "text": "We"
            },
            {
              "boundingBox": "805,562,161,35",
              "text": "believe"
            },
            {
              "boundingBox": "979,562,44,35",
              "text": "in"
            },
            {
              "boundingBox": "1037,562,144,47",
              "text": "caring"
            },
            {
              "boundingBox": "1193,562,66,35",
              "text": "for"
            },
            {
              "boundingBox": "1270,575,106,34",
              "text": "your"
            },
            {
              "boundingBox": "1387,562,334,47",
              "text": "neighborhood,"
            },
            {
              "boundingBox": "1734,575,105,34",
              "text": "your"
            },
            {
              "boundingBox": "1851,562,266,47",
              "text": "community"
            },
            {
              "boundingBox": "2130,562,85,35",
              "text": "and"
            },
            {
              "boundingBox": "2226,575,106,34",
              "text": "your"
            }
          ]
        },
        {
          "boundingBox": "219,622,2110,47",
          "words": [
            {
              "boundingBox": "219,622,158,46",
              "text": "planet."
            },
            {
              "boundingBox": "396,622,199,35",
              "text": "Whether"
            },
            {
              "boundingBox": "612,622,68,35",
              "text": "it's"
            },
            {
              "boundingBox": "700,622,130,35",
              "text": "about"
            },
            {
              "boundingBox": "849,622,243,35",
              "text": "all-natural"
            },
            {
              "boundingBox": "1109,622,217,46",
              "text": "products,"
            },
            {
              "boundingBox": "1346,622,275,47",
              "text": "eco-friendly"
            },
            {
              "boundingBox": "1638,622,238,47",
              "text": "packaging"
            },
            {
              "boundingBox": "1894,635,49,22",
              "text": "or"
            },
            {
              "boundingBox": "1959,622,241,47",
              "text": "thoughtful"
            },
            {
              "boundingBox": "2219,622,110,47",
              "text": "gifts,"
            }
          ]
        },
        {
          "boundingBox": "219,682,1280,47",
          "words": [
            {
              "boundingBox": "219,682,133,47",
              "text": "hydra"
            },
            {
              "boundingBox": "364,682,38,35",
              "text": "is"
            },
            {
              "boundingBox": "416,695,105,34",
              "text": "your"
            },
            {
              "boundingBox": "533,689,177,39",
              "text": "partner"
            },
            {
              "boundingBox": "723,682,44,35",
              "text": "in"
            },
            {
              "boundingBox": "780,682,247,47",
              "text": "promoting"
            },
            {
              "boundingBox": "1040,695,97,22",
              "text": "care"
            },
            {
              "boundingBox": "1151,682,44,35",
              "text": "in"
            },
            {
              "boundingBox": "1210,682,56,35",
              "text": "all"
            },
            {
              "boundingBox": "1280,682,56,35",
              "text": "its"
            },
            {
              "boundingBox": "1350,682,149,35",
              "text": "forms."
            }
          ]
        },
        {
          "boundingBox": "220,761,1413,46",
          "words": [
            {
              "boundingBox": "220,761,179,46",
              "text": "Explore"
            },
            {
              "boundingBox": "415,774,78,22",
              "text": "our"
            },
            {
              "boundingBox": "507,761,175,46",
              "text": "catalog."
            },
            {
              "boundingBox": "710,761,57,35",
              "text": "Be"
            },
            {
              "boundingBox": "782,774,79,22",
              "text": "our"
            },
            {
              "boundingBox": "873,768,183,39",
              "text": "partner."
            },
            {
              "boundingBox": "1073,761,123,35",
              "text": "Show"
            },
            {
              "boundingBox": "1210,774,205,22",
              "text": "sorneone"
            },
            {
              "boundingBox": "1429,774,83,33",
              "text": "you"
            },
            {
              "boundingBox": "1526,774,107,22",
              "text": "care."
            }
          ]
        },
        {
          "boundingBox": "157,973,822,70",
          "words": [
            {
              "boundingBox": "157,973,520,70",
              "text": "Merchandising"
            },
            {
              "boundingBox": "700,973,279,69",
              "text": "Support"
            }
          ]
        }
      ]
    },
    {
      "boundingBox": "153,1500,446,61",
      "lines": [
        {
          "boundingBox": "153,1500,443,32",
          "words": [
            {
              "boundingBox": "153,1500,152,32",
              "text": "Signature"
            },
            {
              "boundingBox": "317,1500,142,25",
              "text": "Essential"
            },
            {
              "boundingBox": "472,1500,41,25",
              "text": "Oil"
            },
            {
              "boundingBox": "526,1500,70,32",
              "text": "Sign"
            }
          ]
        },
        {
          "boundingBox": "508,1536,91,25",
          "words": [
            {
              "boundingBox": "508,1536,91,25",
              "text": "70100"
            }
          ]
        }
      ]
    },
    {
      "boundingBox": "754,1499,445,62",
      "lines": [
        {
          "boundingBox": "754,1499,423,33",
          "words": [
            {
              "boundingBox": "754,1499,132,33",
              "text": "Lifestyle"
            },
            {
              "boundingBox": "899,1500,142,25",
              "text": "Essential"
            },
            {
              "boundingBox": "1054,1500,41,25",
              "text": "Oil"
            },
            {
              "boundingBox": "1107,1500,70,32",
              "text": "Sign"
            }
          ]
        },
        {
          "boundingBox": "1108,1536,91,25",
          "words": [
            {
              "boundingBox": "1108,1536,91,25",
              "text": "70200"
            }
          ]
        }
      ]
    },
    {
      "boundingBox": "152,1573,309,719",
      "lines": [
        {
          "boundingBox": "211,1573,193,19",
          "words": [
            {
              "boundingBox": "211,1573,83,19",
              "text": "11615"
            },
            {
              "boundingBox": "318,1573,86,19",
              "text": "01701"
            }
          ]
        },
        {
          "boundingBox": "154,2063,206,25",
          "words": [
            {
              "boundingBox": "154,2063,88,25",
              "text": "Black"
            },
            {
              "boundingBox": "252,2063,108,25",
              "text": "Sachet"
            }
          ]
        },
        {
          "boundingBox": "211,2140,250,19",
          "words": [
            {
              "boundingBox": "211,2140,83,19",
              "text": "11615"
            },
            {
              "boundingBox": "318,2140,13,19",
              "text": "0"
            },
            {
              "boundingBox": "339,2140,65,19",
              "text": "1001"
            },
            {
              "boundingBox": "448,2141,13,18",
              "text": "4"
            }
          ]
        },
        {
          "boundingBox": "152,2194,210,25",
          "words": [
            {
              "boundingBox": "152,2194,90,25",
              "text": "White"
            },
            {
              "boundingBox": "253,2194,109,25",
              "text": "Sachet"
            }
          ]
        },
        {
          "boundingBox": "211,2273,193,19",
          "words": [
            {
              "boundingBox": "211,2273,83,19",
              "text": "11615"
            },
            {
              "boundingBox": "318,2273,86,19",
              "text": "01002"
            }
          ]
        },
        {
          "boundingBox": "450,2273,11,19",
          "words": [
            {
              "boundingBox": "450,2273,11,19",
              "text": "1"
            }
          ]
        }
      ]
    },
    {
      "boundingBox": "492,1573,107,721",
      "lines": [
        {
          "boundingBox": "549,1573,50,18",
          "words": [
            {
              "boundingBox": "549,1573,50,18",
              "text": "Free"
            }
          ]
        },
        {
          "boundingBox": "525,2090,70,21",
          "words": [
            {
              "boundingBox": "525,2090,70,21",
              "text": "75001"
            }
          ]
        },
        {
          "boundingBox": "510,2117,89,21",
          "words": [
            {
              "boundingBox": "510,2117,57,21",
              "text": "$0.75"
            },
            {
              "boundingBox": "574,2123,25,13",
              "text": "ea"
            }
          ]
        },
        {
          "boundingBox": "495,2143,104,18",
          "words": [
            {
              "boundingBox": "495,2148,46,13",
              "text": "case"
            },
            {
              "boundingBox": "548,2143,20,17",
              "text": "of"
            },
            {
              "boundingBox": "576,2143,23,17",
              "text": "12"
            }
          ]
        },
        {
          "boundingBox": "523,2223,73,21",
          "words": [
            {
              "boundingBox": "523,2223,73,21",
              "text": "75002"
            }
          ]
        },
        {
          "boundingBox": "508,2250,88,21",
          "words": [
            {
              "boundingBox": "508,2250,56,21",
              "text": "$0.75"
            },
            {
              "boundingBox": "571,2256,25,13",
              "text": "ea"
            }
          ]
        },
        {
          "boundingBox": "492,2276,104,18",
          "words": [
            {
              "boundingBox": "492,2281,47,13",
              "text": "case"
            },
            {
              "boundingBox": "546,2276,20,17",
              "text": "of"
            },
            {
              "boundingBox": "573,2276,23,17",
              "text": "12"
            }
          ]
        }
      ]
    },
    {
      "boundingBox": "753,1575,393,643",
      "lines": [
        {
          "boundingBox": "817,1575,66,17",
          "words": [
            {
              "boundingBox": "817,1575,66,17",
              "text": "11615"
            }
          ]
        },
        {
          "boundingBox": "931,1575,66,17",
          "words": [
            {
              "boundingBox": "931,1575,66,17",
              "text": "01702"
            }
          ]
        },
        {
          "boundingBox": "753,2186,393,32",
          "words": [
            {
              "boundingBox": "753,2186,121,25",
              "text": "Shower"
            },
            {
              "boundingBox": "884,2186,85,25",
              "text": "Burst"
            },
            {
              "boundingBox": "980,2186,83,25",
              "text": "Easel"
            },
            {
              "boundingBox": "1076,2186,70,32",
              "text": "Sign"
            }
          ]
        }
      ]
    },
    {
      "boundingBox": "1149,1573,50,18",
      "lines": [
        {
          "boundingBox": "1149,1573,50,18",
          "words": [
            {
              "boundingBox": "1149,1573,50,18",
              "text": "Free"
            }
          ]
        }
      ]
    },
    {
      "boundingBox": "1348,1500,454,590",
      "lines": [
        {
          "boundingBox": "1352,1500,434,32",
          "words": [
            {
              "boundingBox": "1352,1500,143,25",
              "text": "Wellness"
            },
            {
              "boundingBox": "1508,1500,142,25",
              "text": "Essential"
            },
            {
              "boundingBox": "1662,1500,41,25",
              "text": "Oil"
            },
            {
              "boundingBox": "1716,1500,70,32",
              "text": "Sign"
            }
          ]
        },
        {
          "boundingBox": "1711,1536,91,25",
          "words": [
            {
              "boundingBox": "1711,1536,91,25",
              "text": "70600"
            }
          ]
        },
        {
          "boundingBox": "1411,1573,250,19",
          "words": [
            {
              "boundingBox": "1411,1573,83,19",
              "text": "11615"
            },
            {
              "boundingBox": "1518,1573,87,19",
              "text": "01706"
            },
            {
              "boundingBox": "1648,1573,13,19",
              "text": "8"
            }
          ]
        },
        {
          "boundingBox": "1752,1573,50,18",
          "words": [
            {
              "boundingBox": "1752,1573,50,18",
              "text": "Free"
            }
          ]
        },
        {
          "boundingBox": "1348,2065,443,25",
          "words": [
            {
              "boundingBox": "1348,2065,120,25",
              "text": "Shower"
            },
            {
              "boundingBox": "1479,2065,85,25",
              "text": "Burst"
            },
            {
              "boundingBox": "1575,2065,110,25",
              "text": "How-to"
            },
            {
              "boundingBox": "1695,2065,96,25",
              "text": "Tablet"
            }
          ]
        }
      ]
    },
    {
      "boundingBox": "1349,2138,306,154",
      "lines": [
        {
          "boundingBox": "1406,2138,249,18",
          "words": [
            {
              "boundingBox": "1406,2138,83,18",
              "text": "11615"
            },
            {
              "boundingBox": "1513,2138,13,18",
              "text": "0"
            },
            {
              "boundingBox": "1534,2138,65,18",
              "text": "1098"
            },
            {
              "boundingBox": "1642,2139,13,17",
              "text": "4"
            }
          ]
        },
        {
          "boundingBox": "1349,2198,281,33",
          "words": [
            {
              "boundingBox": "1349,2199,82,25",
              "text": "Made"
            },
            {
              "boundingBox": "1443,2199,27,24",
              "text": "in"
            },
            {
              "boundingBox": "1482,2198,69,26",
              "text": "USA"
            },
            {
              "boundingBox": "1560,2199,70,32",
              "text": "Sign"
            }
          ]
        },
        {
          "boundingBox": "1403,2273,249,19",
          "words": [
            {
              "boundingBox": "1403,2273,83,19",
              "text": "11615"
            },
            {
              "boundingBox": "1510,2273,86,19",
              "text": "01099"
            },
            {
              "boundingBox": "1641,2273,11,19",
              "text": "1"
            }
          ]
        }
      ]
    },
    {
      "boundingBox": "1702,2101,91,160",
      "lines": [
        {
          "boundingBox": "1702,2101,91,25",
          "words": [
            {
              "boundingBox": "1702,2101,91,25",
              "text": "75098"
            }
          ]
        },
        {
          "boundingBox": "1702,2236,91,25",
          "words": [
            {
              "boundingBox": "1702,2236,91,25",
              "text": "70099"
            }
          ]
        }
      ]
    },
    {
      "boundingBox": "811,2273,250,19",
      "lines": [
        {
          "boundingBox": "811,2273,250,19",
          "words": [
            {
              "boundingBox": "811,2273,83,19",
              "text": "11615"
            },
            {
              "boundingBox": "918,2273,87,19",
              "text": "01750"
            },
            {
              "boundingBox": "1050,2273,11,19",
              "text": "1"
            }
          ]
        }
      ]
    },
    {
      "boundingBox": "1103,2227,91,65",
      "lines": [
        {
          "boundingBox": "1103,2227,91,25",
          "words": [
            {
              "boundingBox": "1103,2227,91,25",
              "text": "75000"
            }
          ]
        },
        {
          "boundingBox": "1144,2274,50,18",
          "words": [
            {
              "boundingBox": "1144,2274,50,18",
              "text": "Free"
            }
          ]
        }
      ]
    },
    {
      "boundingBox": "1948,1278,454,1014",
      "lines": [
        {
          "boundingBox": "2005,1278,93,30",
          "words": [
            {
              "boundingBox": "2005,1278,93,30",
              "text": "uomns"
            }
          ]
        },
        {
          "boundingBox": "1954,1500,384,32",
          "words": [
            {
              "boundingBox": "1954,1500,71,25",
              "text": "Pure"
            },
            {
              "boundingBox": "2038,1500,161,25",
              "text": "Essentials"
            },
            {
              "boundingBox": "2212,1500,45,25",
              "text": "EO"
            },
            {
              "boundingBox": "2268,1500,70,32",
              "text": "Sign"
            }
          ]
        },
        {
          "boundingBox": "2311,1536,91,25",
          "words": [
            {
              "boundingBox": "2311,1536,91,25",
              "text": "70400"
            }
          ]
        },
        {
          "boundingBox": "2011,1573,250,19",
          "words": [
            {
              "boundingBox": "2011,1573,83,19",
              "text": "11615"
            },
            {
              "boundingBox": "2118,1573,13,19",
              "text": "0"
            },
            {
              "boundingBox": "2139,1573,66,19",
              "text": "1704"
            },
            {
              "boundingBox": "2248,1574,13,18",
              "text": "4"
            }
          ]
        },
        {
          "boundingBox": "2352,1573,50,18",
          "words": [
            {
              "boundingBox": "2352,1573,50,18",
              "text": "Free"
            }
          ]
        },
        {
          "boundingBox": "1949,2065,331,32",
          "words": [
            {
              "boundingBox": "1949,2065,114,25",
              "text": "Enamel"
            },
            {
              "boundingBox": "2077,2065,116,32",
              "text": "Display"
            },
            {
              "boundingBox": "2205,2065,75,25",
              "text": "Bowl"
            }
          ]
        },
        {
          "boundingBox": "2305,2101,91,25",
          "words": [
            {
              "boundingBox": "2305,2101,91,25",
              "text": "71400"
            }
          ]
        },
        {
          "boundingBox": "2006,2138,249,19",
          "words": [
            {
              "boundingBox": "2006,2138,83,19",
              "text": "11615"
            },
            {
              "boundingBox": "2113,2138,86,19",
              "text": "01714"
            },
            {
              "boundingBox": "2243,2138,12,19",
              "text": "3"
            }
          ]
        },
        {
          "boundingBox": "1948,2199,278,33",
          "words": [
            {
              "boundingBox": "1948,2200,88,25",
              "text": "Glass"
            },
            {
              "boundingBox": "2049,2200,116,32",
              "text": "Display"
            },
            {
              "boundingBox": "2175,2199,51,26",
              "text": "Jar"
            }
          ]
        },
        {
          "boundingBox": "2302,2236,91,25",
          "words": [
            {
              "boundingBox": "2302,2236,91,25",
              "text": "70010"
            }
          ]
        },
        {
          "boundingBox": "2006,2273,249,19",
          "words": [
            {
              "boundingBox": "2006,2273,83,19",
              "text": "11615"
            },
            {
              "boundingBox": "2113,2273,86,19",
              "text": "01010"
            },
            {
              "boundingBox": "2242,2273,13,19",
              "text": "6"
            }
          ]
        }
      ]
    },
    {
      "boundingBox": "191,2377,2207,843",
      "lines": [
        {
          "boundingBox": "191,2377,747,79",
          "words": [
            {
              "boundingBox": "191,2378,286,78",
              "text": "Placing"
            },
            {
              "boundingBox": "503,2378,185,61",
              "text": "Your"
            },
            {
              "boundingBox": "713,2377,225,62",
              "text": "Order"
            }
          ]
        },
        {
          "boundingBox": "192,2478,2154,36",
          "words": [
            {
              "boundingBox": "192,2479,61,27",
              "text": "You"
            },
            {
              "boundingBox": "268,2486,69,28",
              "text": "may"
            },
            {
              "boundingBox": "351,2479,86,35",
              "text": "place"
            },
            {
              "boundingBox": "452,2486,73,28",
              "text": "your"
            },
            {
              "boundingBox": "537,2479,87,27",
              "text": "order"
            },
            {
              "boundingBox": "638,2479,37,35",
              "text": "by"
            },
            {
              "boundingBox": "690,2479,110,35",
              "text": "phone,"
            },
            {
              "boundingBox": "814,2479,65,28",
              "text": "with"
            },
            {
              "boundingBox": "894,2486,18,21",
              "text": "a"
            },
            {
              "boundingBox": "928,2479,73,28",
              "text": "local"
            },
            {
              "boundingBox": "1017,2486,60,28",
              "text": "rep,"
            },
            {
              "boundingBox": "1094,2479,37,35",
              "text": "by"
            },
            {
              "boundingBox": "1144,2478,50,29",
              "text": "fax"
            },
            {
              "boundingBox": "1207,2486,33,20",
              "text": "or"
            },
            {
              "boundingBox": "1252,2479,97,28",
              "text": "email."
            },
            {
              "boundingBox": "1376,2479,60,28",
              "text": "You"
            },
            {
              "boundingBox": "1452,2486,68,28",
              "text": "may"
            },
            {
              "boundingBox": "1534,2479,67,28",
              "text": "also"
            },
            {
              "boundingBox": "1616,2480,124,34",
              "text": "request"
            },
            {
              "boundingBox": "1752,2486,114,21",
              "text": "access"
            },
            {
              "boundingBox": "1881,2480,29,27",
              "text": "to"
            },
            {
              "boundingBox": "1924,2486,54,20",
              "text": "our"
            },
            {
              "boundingBox": "1990,2478,177,28",
              "text": "full-service"
            },
            {
              "boundingBox": "2181,2479,165,28",
              "text": "wholesale"
            }
          ]
        },
        {
          "boundingBox": "191,2523,2157,37",
          "words": [
            {
              "boundingBox": "191,2524,135,28",
              "text": "website."
            },
            {
              "boundingBox": "355,2524,96,27",
              "text": "When"
            },
            {
              "boundingBox": "464,2524,115,36",
              "text": "placing"
            },
            {
              "boundingBox": "591,2531,72,28",
              "text": "your"
            },
            {
              "boundingBox": "672,2523,61,29",
              "text": "first"
            },
            {
              "boundingBox": "742,2524,93,32",
              "text": "order,"
            },
            {
              "boundingBox": "848,2524,107,35",
              "text": "please"
            },
            {
              "boundingBox": "966,2525,121,27",
              "text": "contact"
            },
            {
              "boundingBox": "1096,2531,18,21",
              "text": "a"
            },
            {
              "boundingBox": "1126,2523,91,29",
              "text": "Sales"
            },
            {
              "boundingBox": "1230,2524,248,35",
              "text": "Representative"
            },
            {
              "boundingBox": "1490,2525,29,27",
              "text": "to"
            },
            {
              "boundingBox": "1530,2524,122,28",
              "text": "discuss"
            },
            {
              "boundingBox": "1664,2531,72,28",
              "text": "your"
            },
            {
              "boundingBox": "1747,2524,154,28",
              "text": "business."
            },
            {
              "boundingBox": "1910,2524,39,27",
              "text": "All"
            },
            {
              "boundingBox": "1963,2524,76,28",
              "text": "retail"
            },
            {
              "boundingBox": "2052,2524,103,27",
              "text": "orders"
            },
            {
              "boundingBox": "2167,2531,51,21",
              "text": "are"
            },
            {
              "boundingBox": "2230,2524,118,36",
              "text": "subject"
            }
          ]
        },
        {
          "boundingBox": "192,2569,795,35",
          "words": [
            {
              "boundingBox": "192,2570,30,27",
              "text": "to"
            },
            {
              "boundingBox": "234,2569,85,28",
              "text": "sales"
            },
            {
              "boundingBox": "332,2570,48,27",
              "text": "tax"
            },
            {
              "boundingBox": "392,2569,59,28",
              "text": "and"
            },
            {
              "boundingBox": "466,2570,80,27",
              "text": "must"
            },
            {
              "boundingBox": "558,2569,38,27",
              "text": "be"
            },
            {
              "boundingBox": "610,2569,106,35",
              "text": "placed"
            },
            {
              "boundingBox": "729,2569,46,28",
              "text": "via"
            },
            {
              "boundingBox": "788,2576,54,21",
              "text": "our"
            },
            {
              "boundingBox": "852,2569,135,28",
              "text": "website."
            }
          ]
        },
        {
          "boundingBox": "192,2630,2154,39",
          "words": [
            {
              "boundingBox": "192,2632,95,29",
              "text": "Order"
            },
            {
              "boundingBox": "303,2633,167,28",
              "text": "Minimums"
            },
            {
              "boundingBox": "486,2633,23,28",
              "text": "&"
            },
            {
              "boundingBox": "525,2632,143,37",
              "text": "Shipping"
            },
            {
              "boundingBox": "684,2648,10,4",
              "text": "-"
            },
            {
              "boundingBox": "708,2633,25,27",
              "text": "A"
            },
            {
              "boundingBox": "745,2630,82,34",
              "text": "$250"
            },
            {
              "boundingBox": "843,2633,149,28",
              "text": "minimum"
            },
            {
              "boundingBox": "1009,2633,23,27",
              "text": "is"
            },
            {
              "boundingBox": "1050,2633,133,35",
              "text": "required"
            },
            {
              "boundingBox": "1199,2632,44,28",
              "text": "for"
            },
            {
              "boundingBox": "1257,2632,141,29",
              "text": "first-time"
            },
            {
              "boundingBox": "1415,2633,103,27",
              "text": "orders"
            },
            {
              "boundingBox": "1535,2633,59,28",
              "text": "and"
            },
            {
              "boundingBox": "1611,2630,82,34",
              "text": "$100"
            },
            {
              "boundingBox": "1708,2640,39,20",
              "text": "on"
            },
            {
              "boundingBox": "1764,2633,193,35",
              "text": "subsequent"
            },
            {
              "boundingBox": "1971,2633,114,27",
              "text": "orders."
            },
            {
              "boundingBox": "2102,2632,143,37",
              "text": "Shipping"
            },
            {
              "boundingBox": "2261,2634,85,27",
              "text": "costs"
            }
          ]
        },
        {
          "boundingBox": "192,2675,1715,39",
          "words": [
            {
              "boundingBox": "192,2677,106,29",
              "text": "9-12%"
            },
            {
              "boundingBox": "311,2677,32,28",
              "text": "of"
            },
            {
              "boundingBox": "353,2685,72,28",
              "text": "your"
            },
            {
              "boundingBox": "436,2678,87,27",
              "text": "order"
            },
            {
              "boundingBox": "534,2678,78,32",
              "text": "total,"
            },
            {
              "boundingBox": "626,2678,172,35",
              "text": "depending"
            },
            {
              "boundingBox": "811,2685,39,20",
              "text": "on"
            },
            {
              "boundingBox": "863,2685,73,28",
              "text": "your"
            },
            {
              "boundingBox": "948,2678,135,28",
              "text": "location."
            },
            {
              "boundingBox": "1096,2678,53,27",
              "text": "We"
            },
            {
              "boundingBox": "1163,2677,74,28",
              "text": "offer"
            },
            {
              "boundingBox": "1247,2685,18,21",
              "text": "a"
            },
            {
              "boundingBox": "1279,2677,52,29",
              "text": "7%"
            },
            {
              "boundingBox": "1343,2678,137,36",
              "text": "shipping"
            },
            {
              "boundingBox": "1493,2685,59,28",
              "text": "cap"
            },
            {
              "boundingBox": "1564,2685,39,20",
              "text": "on"
            },
            {
              "boundingBox": "1616,2678,104,27",
              "text": "orders"
            },
            {
              "boundingBox": "1733,2685,72,20",
              "text": "over"
            },
            {
              "boundingBox": "1816,2675,91,34",
              "text": "$500."
            }
          ]
        },
        {
          "boundingBox": "193,2741,2153,36",
          "words": [
            {
              "boundingBox": "193,2741,147,35",
              "text": "Payment"
            },
            {
              "boundingBox": "349,2741,99,27",
              "text": "Terms"
            },
            {
              "boundingBox": "461,2756,10,4",
              "text": "-"
            },
            {
              "boundingBox": "484,2741,152,28",
              "text": "First-time"
            },
            {
              "boundingBox": "648,2741,104,27",
              "text": "orders"
            },
            {
              "boundingBox": "765,2742,80,27",
              "text": "must"
            },
            {
              "boundingBox": "856,2741,38,27",
              "text": "be"
            },
            {
              "boundingBox": "907,2741,120,35",
              "text": "prepaid"
            },
            {
              "boundingBox": "1040,2741,65,28",
              "text": "with"
            },
            {
              "boundingBox": "1117,2748,18,21",
              "text": "a"
            },
            {
              "boundingBox": "1147,2741,92,28",
              "text": "credit"
            },
            {
              "boundingBox": "1249,2741,80,28",
              "text": "card."
            },
            {
              "boundingBox": "1352,2741,89,35",
              "text": "hydra"
            },
            {
              "boundingBox": "1454,2742,127,34",
              "text": "accepts"
            },
            {
              "boundingBox": "1593,2741,34,28",
              "text": "all"
            },
            {
              "boundingBox": "1641,2741,92,36",
              "text": "major"
            },
            {
              "boundingBox": "1743,2741,92,28",
              "text": "credit"
            },
            {
              "boundingBox": "1845,2741,98,28",
              "text": "cards."
            },
            {
              "boundingBox": "1967,2741,57,28",
              "text": "Net"
            },
            {
              "boundingBox": "2034,2742,91,27",
              "text": "terms"
            },
            {
              "boundingBox": "2137,2748,51,21",
              "text": "are"
            },
            {
              "boundingBox": "2201,2741,145,28",
              "text": "available"
            }
          ]
        },
        {
          "boundingBox": "192,2786,605,35",
          "words": [
            {
              "boundingBox": "192,2787,30,27",
              "text": "to"
            },
            {
              "boundingBox": "234,2786,186,28",
              "text": "established"
            },
            {
              "boundingBox": "434,2787,147,27",
              "text": "accounts"
            },
            {
              "boundingBox": "594,2793,39,20",
              "text": "on"
            },
            {
              "boundingBox": "646,2786,151,35",
              "text": "approval."
            }
          ]
        },
        {
          "boundingBox": "193,2849,2153,37",
          "words": [
            {
              "boundingBox": "193,2850,128,28",
              "text": "Returns"
            },
            {
              "boundingBox": "333,2850,59,28",
              "text": "and"
            },
            {
              "boundingBox": "405,2849,116,29",
              "text": "Credits"
            },
            {
              "boundingBox": "544,2850,58,27",
              "text": "-All"
            },
            {
              "boundingBox": "615,2850,85,28",
              "text": "sales"
            },
            {
              "boundingBox": "712,2857,52,21",
              "text": "are"
            },
            {
              "boundingBox": "775,2849,77,29",
              "text": "final."
            },
            {
              "boundingBox": "875,2849,113,29",
              "text": "Should"
            },
            {
              "boundingBox": "1001,2857,58,28",
              "text": "you"
            },
            {
              "boundingBox": "1073,2850,117,27",
              "text": "receive"
            },
            {
              "boundingBox": "1203,2850,124,35",
              "text": "product"
            },
            {
              "boundingBox": "1337,2850,62,28",
              "text": "that"
            },
            {
              "boundingBox": "1410,2850,57,28",
              "text": "has"
            },
            {
              "boundingBox": "1481,2850,79,27",
              "text": "been"
            },
            {
              "boundingBox": "1573,2850,152,36",
              "text": "damaged"
            },
            {
              "boundingBox": "1740,2850,25,27",
              "text": "in"
            },
            {
              "boundingBox": "1778,2850,146,36",
              "text": "shipping,"
            },
            {
              "boundingBox": "1936,2857,47,20",
              "text": "we"
            },
            {
              "boundingBox": "1994,2850,50,27",
              "text": "will"
            },
            {
              "boundingBox": "2058,2850,38,27",
              "text": "be"
            },
            {
              "boundingBox": "2109,2850,100,35",
              "text": "happy"
            },
            {
              "boundingBox": "2220,2851,30,27",
              "text": "to"
            },
            {
              "boundingBox": "2262,2850,84,28",
              "text": "issue"
            }
          ]
        },
        {
          "boundingBox": "192,2894,2154,37",
          "words": [
            {
              "boundingBox": "192,2902,18,21",
              "text": "a"
            },
            {
              "boundingBox": "223,2895,91,28",
              "text": "credit"
            },
            {
              "boundingBox": "325,2902,33,20",
              "text": "or"
            },
            {
              "boundingBox": "369,2895,213,35",
              "text": "replacement."
            },
            {
              "boundingBox": "606,2895,111,28",
              "text": "Please"
            },
            {
              "boundingBox": "730,2896,121,27",
              "text": "contact"
            },
            {
              "boundingBox": "861,2902,54,21",
              "text": "our"
            },
            {
              "boundingBox": "926,2896,153,27",
              "text": "customer"
            },
            {
              "boundingBox": "1090,2895,116,27",
              "text": "service"
            },
            {
              "boundingBox": "1219,2894,71,29",
              "text": "staff"
            },
            {
              "boundingBox": "1300,2895,197,35",
              "text": "immediately"
            },
            {
              "boundingBox": "1508,2895,65,28",
              "text": "with"
            },
            {
              "boundingBox": "1586,2902,59,28",
              "text": "any"
            },
            {
              "boundingBox": "1658,2895,160,35",
              "text": "problems."
            },
            {
              "boundingBox": "1843,2895,42,27",
              "text": "Be"
            },
            {
              "boundingBox": "1898,2902,70,20",
              "text": "sure"
            },
            {
              "boundingBox": "1981,2896,29,27",
              "text": "to"
            },
            {
              "boundingBox": "2023,2895,118,35",
              "text": "inspect"
            },
            {
              "boundingBox": "2151,2895,34,28",
              "text": "all"
            },
            {
              "boundingBox": "2200,2895,146,36",
              "text": "incoming"
            }
          ]
        },
        {
          "boundingBox": "192,2940,1212,36",
          "words": [
            {
              "boundingBox": "192,2940,168,35",
              "text": "shipments"
            },
            {
              "boundingBox": "373,2940,59,28",
              "text": "and"
            },
            {
              "boundingBox": "446,2940,40,27",
              "text": "do"
            },
            {
              "boundingBox": "499,2941,51,27",
              "text": "not"
            },
            {
              "boundingBox": "561,2941,110,34",
              "text": "accept"
            },
            {
              "boundingBox": "682,2947,59,28",
              "text": "any"
            },
            {
              "boundingBox": "753,2940,168,35",
              "text": "shipments"
            },
            {
              "boundingBox": "933,2940,65,28",
              "text": "with"
            },
            {
              "boundingBox": "1010,2940,102,27",
              "text": "visible"
            },
            {
              "boundingBox": "1126,2940,124,28",
              "text": "exterior"
            },
            {
              "boundingBox": "1261,2940,143,36",
              "text": "damage."
            }
          ]
        },
        {
          "boundingBox": "194,3057,1981,55",
          "words": [
            {
              "boundingBox": "194,3057,919,55",
              "text": "orders@hydraAromatherapy.com"
            },
            {
              "boundingBox": "1198,3057,64,44",
              "text": "tel"
            },
            {
              "boundingBox": "1282,3057,354,44",
              "text": "415.282.9500"
            },
            {
              "boundingBox": "1720,3057,84,44",
              "text": "fax"
            },
            {
              "boundingBox": "1821,3057,354,44",
              "text": "415.704.3087"
            }
          ]
        },
        {
          "boundingBox": "1285,3172,1113,48",
          "words": [
            {
              "boundingBox": "1285,3172,582,48",
              "text": "hydraAromatherapy.com"
            },
            {
              "boundingBox": "1915,3172,247,48",
              "text": "Lexington,"
            },
            {
              "boundingBox": "2182,3172,67,37",
              "text": "KY"
            },
            {
              "boundingBox": "2261,3172,137,38",
              "text": "40503"
            }
          ]
        }
      ]
    }
  ]
}