{
  "language": "en",
  "orientation": "Up",
  "textAngle": 0.0,
  "regions": [
    {
      "boundingBox": "151,182,2132,505",
      "lines": [
        {
          "boundingBox": "154,182,2129,105",
          "words": [
            {
              "boundingBox": "154,183,261,104",
              "text": "The"
            },
            {
              "boundingBox": "461,183,320,104",
              "text": "Pure"
            },
            {
              "boundingBox": "826,182,702,105",
              "text": "Essentials"
            },
            {
              "boundingBox": "1577,182,706,105",
              "text": "Collection"
            }
          ]
        },
        {
          "boundingBox": "154,387,1018,78",
          "words": [
            {
              "boundingBox": "154,387,281,59",
              "text": "Shower"
            },
            {
              "boundingBox": "457,387,211,59",
              "text": "Burst"
            },
            {
              "boundingBox": "689,387,279,78",
              "text": "Variety"
            },
            {
              "boundingBox": "991,387,181,59",
              "text": "Pack"
            }
          ]
        },
        {
          "boundingBox": "152,490,1047,43",
          "words": [
            {
              "boundingBox": "152,490,137,32",
              "text": "Shower"
            },
            {
              "boundingBox": "308,490,98,32",
              "text": "Burst"
            },
            {
              "boundingBox": "423,490,134,43",
              "text": "Variety"
            },
            {
              "boundingBox": "575,490,100,32",
              "text": "Packs"
            },
            {
              "boundingBox": "695,490,98,32",
              "text": "make"
            },
            {
              "boundingBox": "813,497,93,36",
              "text": "great"
            },
            {
              "boundingBox": "925,490,81,43",
              "text": "gifts."
            },
            {
              "boundingBox": "1027,490,97,43",
              "text": "They"
            },
            {
              "boundingBox": "1143,502,56,20",
              "text": "are"
            }
          ]
        },
        {
          "boundingBox": "151,545,1048,43",
          "words": [
            {
              "boundingBox": "151,545,68,32",
              "text": "also"
            },
            {
              "boundingBox": "236,557,21,20",
              "text": "a"
            },
            {
              "boundingBox": "271,545,60,32",
              "text": "fun"
            },
            {
              "boundingBox": "346,557,74,31",
              "text": "way"
            },
            {
              "boundingBox": "434,545,52,32",
              "text": "for"
            },
            {
              "boundingBox": "499,557,85,31",
              "text": "your"
            },
            {
              "boundingBox": "599,552,182,25",
              "text": "customers"
            },
            {
              "boundingBox": "797,552,35,25",
              "text": "to"
            },
            {
              "boundingBox": "848,552,51,36",
              "text": "try"
            },
            {
              "boundingBox": "914,545,154,32",
              "text": "different"
            },
            {
              "boundingBox": "1082,545,117,32",
              "text": "blends"
            }
          ]
        },
        {
          "boundingBox": "151,600,1049,32",
          "words": [
            {
              "boundingBox": "151,600,69,32",
              "text": "and"
            },
            {
              "boundingBox": "239,600,148,32",
              "text": "discover"
            },
            {
              "boundingBox": "405,600,85,32",
              "text": "their"
            },
            {
              "boundingBox": "508,600,144,32",
              "text": "favorite."
            },
            {
              "boundingBox": "674,600,92,32",
              "text": "Each"
            },
            {
              "boundingBox": "785,600,68,32",
              "text": "box"
            },
            {
              "boundingBox": "870,600,149,32",
              "text": "includes"
            },
            {
              "boundingBox": "1039,612,20,20",
              "text": "a"
            },
            {
              "boundingBox": "1079,600,121,32",
              "text": "Sachet"
            }
          ]
        },
        {
          "boundingBox": "151,655,1048,32",
          "words": [
            {
              "boundingBox": "151,655,69,32",
              "text": "and"
            },
            {
              "boundingBox": "231,655,210,32",
              "text": "instructions"
            },
            {
              "boundingBox": "453,655,52,32",
              "text": "for"
            },
            {
              "boundingBox": "516,667,66,20",
              "text": "use."
            },
            {
              "boundingBox": "606,655,110,32",
              "text": "These"
            },
            {
              "boundingBox": "728,655,102,32",
              "text": "boxes"
            },
            {
              "boundingBox": "841,655,92,32",
              "text": "work"
            },
            {
              "boundingBox": "944,667,34,20",
              "text": "as"
            },
            {
              "boundingBox": "991,655,88,32",
              "text": "shelf"
            },
            {
              "boundingBox": "1092,655,107,32",
              "text": "sellers"
            }
          ]
        }
      ]
    },
    {
      "boundingBox": "151,713,498,595",
      "lines": [
        {
          "boundingBox": "151,713,498,43",
          "words": [
            {
              "boundingBox": "151,713,72,33",
              "text": "that"
            },
            {
              "boundingBox": "234,713,88,33",
              "text": "need"
            },
            {
              "boundingBox": "333,713,79,33",
              "text": "little"
            },
            {
              "boundingBox": "426,713,223,43",
              "text": "explanation."
            }
          ]
        },
        {
          "boundingBox": "215,990,320,58",
          "words": [
            {
              "boundingBox": "215,990,320,58",
              "text": "Eucalyptus"
            }
          ]
        },
        {
          "boundingBox": "190,1290,120,18",
          "words": [
            {
              "boundingBox": "190,1290,21,18",
              "text": "S'"
            },
            {
              "boundingBox": "217,1290,93,18",
              "text": "IOW\".R"
            }
          ]
        }
      ]
    },
    {
      "boundingBox": "1950,728,449,320",
      "lines": [
        {
          "boundingBox": "1950,728,421,32",
          "words": [
            {
              "boundingBox": "1950,728,120,25",
              "text": "Shower"
            },
            {
              "boundingBox": "2081,728,85,25",
              "text": "Burst"
            },
            {
              "boundingBox": "2175,728,109,32",
              "text": "Variety"
            },
            {
              "boundingBox": "2295,728,76,25",
              "text": "Pack"
            }
          ]
        },
        {
          "boundingBox": "2324,766,75,21",
          "words": [
            {
              "boundingBox": "2324,766,75,21",
              "text": "25410"
            }
          ]
        },
        {
          "boundingBox": "1950,820,12,19",
          "words": [
            {
              "boundingBox": "1950,820,12,19",
              "text": "8"
            }
          ]
        },
        {
          "boundingBox": "2008,820,390,20",
          "words": [
            {
              "boundingBox": "2008,820,83,19",
              "text": "11615"
            },
            {
              "boundingBox": "2115,820,86,19",
              "text": "01549"
            },
            {
              "boundingBox": "2246,820,11,19",
              "text": "1"
            },
            {
              "boundingBox": "2307,822,91,18",
              "text": "caseof6"
            }
          ]
        },
        {
          "boundingBox": "1999,991,358,57",
          "words": [
            {
              "boundingBox": "1999,991,358,57",
              "text": "Lemongrass"
            }
          ]
        }
      ]
    },
    {
      "boundingBox": "825,990,374,608",
      "lines": [
        {
          "boundingBox": "825,990,306,58",
          "words": [
            {
              "boundingBox": "825,990,306,58",
              "text": "Grapefruit"
            }
          ]
        },
        {
          "boundingBox": "1125,1547,74,21",
          "words": [
            {
              "boundingBox": "1125,1547,74,21",
              "text": "25402"
            }
          ]
        },
        {
          "boundingBox": "1111,1577,88,21",
          "words": [
            {
              "boundingBox": "1111,1577,56,21",
              "text": "$2.50"
            },
            {
              "boundingBox": "1174,1583,25,13",
              "text": "ea"
            }
          ]
        }
      ]
    },
    {
      "boundingBox": "1443,990,270,44",
      "lines": [
        {
          "boundingBox": "1443,990,270,44",
          "words": [
            {
              "boundingBox": "1443,990,270,44",
              "text": "Lavender"
            }
          ]
        }
      ]
    },
    {
      "boundingBox": "151,1600,313,1519",
      "lines": [
        {
          "boundingBox": "151,1600,12,19",
          "words": [
            {
              "boundingBox": "151,1600,12,19",
              "text": "8"
            }
          ]
        },
        {
          "boundingBox": "209,1600,192,19",
          "words": [
            {
              "boundingBox": "209,1600,83,19",
              "text": "11615"
            },
            {
              "boundingBox": "316,1600,85,19",
              "text": "01541"
            }
          ]
        },
        {
          "boundingBox": "446,1601,12,18",
          "words": [
            {
              "boundingBox": "446,1601,12,18",
              "text": "5"
            }
          ]
        },
        {
          "boundingBox": "236,1993,228,42",
          "words": [
            {
              "boundingBox": "236,1993,87,30",
              "text": "OLIVE"
            },
            {
              "boundingBox": "329,2002,135,33",
              "text": "OILSOAP"
            }
          ]
        },
        {
          "boundingBox": "151,2350,12,19",
          "words": [
            {
              "boundingBox": "151,2350,12,19",
              "text": "8"
            }
          ]
        },
        {
          "boundingBox": "209,2350,249,19",
          "words": [
            {
              "boundingBox": "209,2350,83,19",
              "text": "11615"
            },
            {
              "boundingBox": "316,2350,85,19",
              "text": "01041"
            },
            {
              "boundingBox": "445,2350,13,19",
              "text": "0"
            }
          ]
        },
        {
          "boundingBox": "151,3100,12,19",
          "words": [
            {
              "boundingBox": "151,3100,12,19",
              "text": "8"
            }
          ]
        },
        {
          "boundingBox": "209,3100,249,19",
          "words": [
            {
              "boundingBox": "209,3100,83,19",
              "text": "11615"
            },
            {
              "boundingBox": "316,3100,13,19",
              "text": "0"
            },
            {
              "boundingBox": "337,3100,64,19",
              "text": "1241"
            },
            {
              "boundingBox": "445,3101,13,18",
              "text": "4"
            }
          ]
        }
      ]
    },
    {
      "boundingBox": "495,1547,104,1574",
      "lines": [
        {
          "boundingBox": "525,1547,71,21",
          "words": [
            {
              "boundingBox": "525,1547,71,21",
              "text": "25401"
            }
          ]
        },
        {
          "boundingBox": "511,1577,88,21",
          "words": [
            {
              "boundingBox": "511,1577,56,21",
              "text": "$2.50"
            },
            {
              "boundingBox": "574,1583,25,13",
              "text": "ea"
            }
          ]
        },
        {
          "boundingBox": "495,1603,104,18",
          "words": [
            {
              "boundingBox": "495,1608,47,13",
              "text": "case"
            },
            {
              "boundingBox": "549,1603,20,17",
              "text": "of"
            },
            {
              "boundingBox": "576,1603,23,17",
              "text": "12"
            }
          ]
        },
        {
          "boundingBox": "530,2296,66,21",
          "words": [
            {
              "boundingBox": "530,2296,66,21",
              "text": "10411"
            }
          ]
        },
        {
          "boundingBox": "495,2352,104,18",
          "words": [
            {
              "boundingBox": "495,2357,47,13",
              "text": "case"
            },
            {
              "boundingBox": "549,2352,20,17",
              "text": "of"
            },
            {
              "boundingBox": "576,2352,23,17",
              "text": "12"
            }
          ]
        },
        {
          "boundingBox": "525,3050,71,21",
          "words": [
            {
              "boundingBox": "525,3050,71,21",
              "text": "21401"
            }
          ]
        },
        {
          "boundingBox": "511,3077,88,21",
          "words": [
            {
              "boundingBox": "511,3077,56,21",
              "text": "$4.25"
            },
            {
              "boundingBox": "574,3083,25,13",
              "text": "ea"
            }
          ]
        },
        {
          "boundingBox": "508,3103,91,18",
          "words": [
            {
              "boundingBox": "508,3108,47,13",
              "text": "case"
            },
            {
              "boundingBox": "562,3103,19,17",
              "text": "of"
            },
            {
              "boundingBox": "587,3103,12,18",
              "text": "6"
            }
          ]
        }
      ]
    },
    {
      "boundingBox": "751,1600,307,396",
      "lines": [
        {
          "boundingBox": "751,1600,12,19",
          "words": [
            {
              "boundingBox": "751,1600,12,19",
              "text": "8"
            }
          ]
        },
        {
          "boundingBox": "809,1600,249,19",
          "words": [
            {
              "boundingBox": "809,1600,83,19",
              "text": "11615"
            },
            {
              "boundingBox": "916,1600,85,19",
              "text": "01542"
            },
            {
              "boundingBox": "1045,1600,13,19",
              "text": "2"
            }
          ]
        },
        {
          "boundingBox": "911,1972,84,24",
          "words": [
            {
              "boundingBox": "911,1972,84,24",
              "text": "GEx•tu:"
            }
          ]
        }
      ]
    },
    {
      "boundingBox": "1095,1603,104,18",
      "lines": [
        {
          "boundingBox": "1095,1603,104,18",
          "words": [
            {
              "boundingBox": "1095,1608,47,13",
              "text": "case"
            },
            {
              "boundingBox": "1149,1603,20,17",
              "text": "of"
            },
            {
              "boundingBox": "1176,1603,23,17",
              "text": "12"
            }
          ]
        }
      ]
    },
    {
      "boundingBox": "839,1990,272,54",
      "lines": [
        {
          "boundingBox": "839,1990,272,54",
          "words": [
            {
              "boundingBox": "839,1993,228,42",
              "text": "O_VYEOILSOAP"
            },
            {
              "boundingBox": "1093,1990,18,54",
              "text": ")"
            }
          ]
        }
      ]
    },
    {
      "boundingBox": "751,2350,310,769",
      "lines": [
        {
          "boundingBox": "751,2350,12,19",
          "words": [
            {
              "boundingBox": "751,2350,12,19",
              "text": "8"
            }
          ]
        },
        {
          "boundingBox": "809,2350,192,19",
          "words": [
            {
              "boundingBox": "809,2350,83,19",
              "text": "11615"
            },
            {
              "boundingBox": "916,2350,85,19",
              "text": "01042"
            }
          ]
        },
        {
          "boundingBox": "1046,2351,12,18",
          "words": [
            {
              "boundingBox": "1046,2351,12,18",
              "text": "7"
            }
          ]
        },
        {
          "boundingBox": "754,3100,12,19",
          "words": [
            {
              "boundingBox": "754,3100,12,19",
              "text": "8"
            }
          ]
        },
        {
          "boundingBox": "812,3100,192,19",
          "words": [
            {
              "boundingBox": "812,3100,83,19",
              "text": "11615"
            },
            {
              "boundingBox": "919,3100,85,19",
              "text": "01242"
            }
          ]
        },
        {
          "boundingBox": "1050,3100,11,19",
          "words": [
            {
              "boundingBox": "1050,3100,11,19",
              "text": "1"
            }
          ]
        }
      ]
    },
    {
      "boundingBox": "1095,2296,104,825",
      "lines": [
        {
          "boundingBox": "1128,2296,71,21",
          "words": [
            {
              "boundingBox": "1128,2296,71,21",
              "text": "10412"
            }
          ]
        },
        {
          "boundingBox": "1095,2352,104,18",
          "words": [
            {
              "boundingBox": "1095,2357,47,13",
              "text": "case"
            },
            {
              "boundingBox": "1149,2352,20,17",
              "text": "of"
            },
            {
              "boundingBox": "1176,2352,23,17",
              "text": "12"
            }
          ]
        },
        {
          "boundingBox": "1125,3050,74,21",
          "words": [
            {
              "boundingBox": "1125,3050,74,21",
              "text": "21402"
            }
          ]
        },
        {
          "boundingBox": "1111,3077,88,21",
          "words": [
            {
              "boundingBox": "1111,3077,56,21",
              "text": "$4.25"
            },
            {
              "boundingBox": "1174,3083,25,13",
              "text": "ea"
            }
          ]
        },
        {
          "boundingBox": "1108,3103,91,18",
          "words": [
            {
              "boundingBox": "1108,3108,47,13",
              "text": "case"
            },
            {
              "boundingBox": "1162,3103,19,17",
              "text": "of"
            },
            {
              "boundingBox": "1187,3103,12,18",
              "text": "6"
            }
          ]
        }
      ]
    },
    {
      "boundingBox": "1351,1289,322,1830",
      "lines": [
        {
          "boundingBox": "1388,1289,216,21",
          "words": [
            {
              "boundingBox": "1388,1289,121,21",
              "text": "SHOWER"
            },
            {
              "boundingBox": "1515,1289,89,19",
              "text": "m,'RSV"
            }
          ]
        },
        {
          "boundingBox": "1351,1600,12,19",
          "words": [
            {
              "boundingBox": "1351,1600,12,19",
              "text": "8"
            }
          ]
        },
        {
          "boundingBox": "1409,1600,249,19",
          "words": [
            {
              "boundingBox": "1409,1600,83,19",
              "text": "11615"
            },
            {
              "boundingBox": "1516,1600,85,19",
              "text": "01543"
            },
            {
              "boundingBox": "1645,1600,13,19",
              "text": "9"
            }
          ]
        },
        {
          "boundingBox": "1592,2006,81,27",
          "words": [
            {
              "boundingBox": "1592,2006,81,27",
              "text": "SOAP"
            }
          ]
        },
        {
          "boundingBox": "1351,2350,12,19",
          "words": [
            {
              "boundingBox": "1351,2350,12,19",
              "text": "8"
            }
          ]
        },
        {
          "boundingBox": "1409,2350,249,19",
          "words": [
            {
              "boundingBox": "1409,2350,83,19",
              "text": "11615"
            },
            {
              "boundingBox": "1516,2350,13,19",
              "text": "0"
            },
            {
              "boundingBox": "1537,2350,64,19",
              "text": "1043"
            },
            {
              "boundingBox": "1645,2351,13,18",
              "text": "4"
            }
          ]
        },
        {
          "boundingBox": "1351,3100,12,19",
          "words": [
            {
              "boundingBox": "1351,3100,12,19",
              "text": "8"
            }
          ]
        },
        {
          "boundingBox": "1409,3100,249,19",
          "words": [
            {
              "boundingBox": "1409,3100,83,19",
              "text": "11615"
            },
            {
              "boundingBox": "1516,3100,85,19",
              "text": "01243"
            },
            {
              "boundingBox": "1645,3100,13,19",
              "text": "8"
            }
          ]
        }
      ]
    },
    {
      "boundingBox": "1695,1547,104,1574",
      "lines": [
        {
          "boundingBox": "1725,1547,74,21",
          "words": [
            {
              "boundingBox": "1725,1547,74,21",
              "text": "25403"
            }
          ]
        },
        {
          "boundingBox": "1711,1574,88,21",
          "words": [
            {
              "boundingBox": "1711,1574,56,21",
              "text": "$2.50"
            },
            {
              "boundingBox": "1774,1580,25,13",
              "text": "ea"
            }
          ]
        },
        {
          "boundingBox": "1695,1603,104,18",
          "words": [
            {
              "boundingBox": "1695,1608,47,13",
              "text": "case"
            },
            {
              "boundingBox": "1749,1603,20,17",
              "text": "of"
            },
            {
              "boundingBox": "1776,1603,23,17",
              "text": "12"
            }
          ]
        },
        {
          "boundingBox": "1728,2296,71,21",
          "words": [
            {
              "boundingBox": "1728,2296,71,21",
              "text": "10413"
            }
          ]
        },
        {
          "boundingBox": "1695,2352,104,18",
          "words": [
            {
              "boundingBox": "1695,2357,47,13",
              "text": "case"
            },
            {
              "boundingBox": "1749,2352,20,17",
              "text": "of"
            },
            {
              "boundingBox": "1776,2352,23,17",
              "text": "12"
            }
          ]
        },
        {
          "boundingBox": "1725,3050,74,21",
          "words": [
            {
              "boundingBox": "1725,3050,74,21",
              "text": "21403"
            }
          ]
        },
        {
          "boundingBox": "1711,3077,88,21",
          "words": [
            {
              "boundingBox": "1711,3077,56,21",
              "text": "$4.25"
            },
            {
              "boundingBox": "1774,3083,25,13",
              "text": "ea"
            }
          ]
        },
        {
          "boundingBox": "1708,3103,91,18",
          "words": [
            {
              "boundingBox": "1708,3108,47,13",
              "text": "case"
            },
            {
              "boundingBox": "1762,3103,19,17",
              "text": "of"
            },
            {
              "boundingBox": "1787,3103,12,18",
              "text": "6"
            }
          ]
        }
      ]
    },
    {
      "boundingBox": "1951,1600,319,1519",
      "lines": [
        {
          "boundingBox": "1951,1600,12,19",
          "words": [
            {
              "boundingBox": "1951,1600,12,19",
              "text": "8"
            }
          ]
        },
        {
          "boundingBox": "2009,1600,249,19",
          "words": [
            {
              "boundingBox": "2009,1600,83,19",
              "text": "11615"
            },
            {
              "boundingBox": "2116,1600,86,19",
              "text": "01544"
            },
            {
              "boundingBox": "2245,1600,13,19",
              "text": "6"
            }
          ]
        },
        {
          "boundingBox": "2039,1991,231,42",
          "words": [
            {
              "boundingBox": "2039,1991,88,30",
              "text": "OLIVE"
            },
            {
              "boundingBox": "2132,1997,138,36",
              "text": "QILSOAP"
            }
          ]
        },
        {
          "boundingBox": "2081,2033,147,30",
          "words": [
            {
              "boundingBox": "2081,2033,147,30",
              "text": "t.E.M0NGQASs"
            }
          ]
        },
        {
          "boundingBox": "1951,2350,12,19",
          "words": [
            {
              "boundingBox": "1951,2350,12,19",
              "text": "8"
            }
          ]
        },
        {
          "boundingBox": "2009,2350,249,19",
          "words": [
            {
              "boundingBox": "2009,2350,83,19",
              "text": "11615"
            },
            {
              "boundingBox": "2116,2350,86,19",
              "text": "01044"
            },
            {
              "boundingBox": "2247,2350,11,19",
              "text": "1"
            }
          ]
        },
        {
          "boundingBox": "1951,3100,12,19",
          "words": [
            {
              "boundingBox": "1951,3100,12,19",
              "text": "8"
            }
          ]
        },
        {
          "boundingBox": "2009,3100,249,19",
          "words": [
            {
              "boundingBox": "2009,3100,83,19",
              "text": "11615"
            },
            {
              "boundingBox": "2116,3100,86,19",
              "text": "01244"
            },
            {
              "boundingBox": "2246,3101,12,18",
              "text": "5"
            }
          ]
        }
      ]
    },
    {
      "boundingBox": "2295,1547,104,1679",
      "lines": [
        {
          "boundingBox": "2325,1547,74,21",
          "words": [
            {
              "boundingBox": "2325,1547,74,21",
              "text": "25404"
            }
          ]
        },
        {
          "boundingBox": "2311,1574,88,21",
          "words": [
            {
              "boundingBox": "2311,1574,56,21",
              "text": "$2.50"
            },
            {
              "boundingBox": "2374,1580,25,13",
              "text": "ea"
            }
          ]
        },
        {
          "boundingBox": "2295,1603,104,18",
          "words": [
            {
              "boundingBox": "2295,1608,47,13",
              "text": "case"
            },
            {
              "boundingBox": "2349,1603,20,17",
              "text": "of"
            },
            {
              "boundingBox": "2376,1603,23,17",
              "text": "12"
            }
          ]
        },
        {
          "boundingBox": "2328,2296,71,21",
          "words": [
            {
              "boundingBox": "2328,2296,71,21",
              "text": "10414"
            }
          ]
        },
        {
          "boundingBox": "2295,2352,104,18",
          "words": [
            {
              "boundingBox": "2295,2357,47,13",
              "text": "case"
            },
            {
              "boundingBox": "2349,2352,20,17",
              "text": "of"
            },
            {
              "boundingBox": "2376,2352,23,17",
              "text": "12"
            }
          ]
        },
        {
          "boundingBox": "2325,3050,74,21",
          "words": [
            {
              "boundingBox": "2325,3050,74,21",
              "text": "21404"
            }
          ]
        },
        {
          "boundingBox": "2311,3077,88,21",
          "words": [
            {
              "boundingBox": "2311,3077,56,21",
              "text": "$4.25"
            },
            {
              "boundingBox": "2374,3083,25,13",
              "text": "ea"
            }
          ]
        },
        {
          "boundingBox": "2308,3103,91,18",
          "words": [
            {
              "boundingBox": "2308,3108,47,13",
              "text": "case"
            },
            {
              "boundingBox": "2362,3103,19,17",
              "text": "of"
            },
            {
              "boundingBox": "2387,3103,12,18",
              "text": "6"
            }
          ]
        },
        {
          "boundingBox": "2357,3195,42,31",
          "words": [
            {
              "boundingBox": "2357,3195,42,31",
              "text": "15"
            }
          ]
        }
      ]
    }
  ]
}