{
  "language": "en",
  "orientation": "Up",
  "textAngle": 0.0,
  "regions": [
    {
      "boundingBox": "150,220,1092,2150",
      "lines": [
        {
          "boundingBox": "155,220,1087,81",
          "words": [
            {
              "boundingBox": "155,220,290,61",
              "text": "Shower"
            },
            {
              "boundingBox": "466,220,218,61",
              "text": "Burst"
            },
            {
              "boundingBox": "705,220,287,81",
              "text": "Variety"
            },
            {
              "boundingBox": "1015,220,227,61",
              "text": "Packs"
            }
          ]
        },
        {
          "boundingBox": "153,357,1085,50",
          "words": [
            {
              "boundingBox": "153,357,162,38",
              "text": "Shower"
            },
            {
              "boundingBox": "329,357,115,38",
              "text": "Burst"
            },
            {
              "boundingBox": "458,357,157,50",
              "text": "Variety"
            },
            {
              "boundingBox": "630,357,118,38",
              "text": "Packs"
            },
            {
              "boundingBox": "764,371,66,24",
              "text": "are"
            },
            {
              "boundingBox": "847,371,23,24",
              "text": "a"
            },
            {
              "boundingBox": "885,357,72,38",
              "text": "hot"
            },
            {
              "boundingBox": "972,357,120,38",
              "text": "seller!"
            },
            {
              "boundingBox": "1124,357,114,50",
              "text": "They"
            }
          ]
        },
        {
          "boundingBox": "151,422,1085,50",
          "words": [
            {
              "boundingBox": "151,422,115,38",
              "text": "make"
            },
            {
              "boundingBox": "283,430,109,42",
              "text": "great"
            },
            {
              "boundingBox": "408,422,68,50",
              "text": "gift"
            },
            {
              "boundingBox": "491,422,113,38",
              "text": "items"
            },
            {
              "boundingBox": "621,422,81,38",
              "text": "and"
            },
            {
              "boundingBox": "718,422,99,38",
              "text": "offer"
            },
            {
              "boundingBox": "833,422,303,50",
              "text": "aromatherapy"
            },
            {
              "boundingBox": "1151,422,85,38",
              "text": "fans"
            }
          ]
        },
        {
          "boundingBox": "152,487,1085,50",
          "words": [
            {
              "boundingBox": "152,501,23,24",
              "text": "a"
            },
            {
              "boundingBox": "195,487,149,38",
              "text": "chance"
            },
            {
              "boundingBox": "365,495,40,30",
              "text": "to"
            },
            {
              "boundingBox": "425,495,61,42",
              "text": "try"
            },
            {
              "boundingBox": "505,487,49,38",
              "text": "all"
            },
            {
              "boundingBox": "573,487,89,38",
              "text": "four"
            },
            {
              "boundingBox": "682,495,124,30",
              "text": "scents"
            },
            {
              "boundingBox": "826,487,41,37",
              "text": "in"
            },
            {
              "boundingBox": "887,501,24,24",
              "text": "a"
            },
            {
              "boundingBox": "930,487,206,38",
              "text": "collection"
            },
            {
              "boundingBox": "1157,487,80,38",
              "text": "and"
            }
          ]
        },
        {
          "boundingBox": "151,552,1087,38",
          "words": [
            {
              "boundingBox": "151,552,175,38",
              "text": "discover"
            },
            {
              "boundingBox": "341,552,101,38",
              "text": "their"
            },
            {
              "boundingBox": "456,552,170,38",
              "text": "favorite."
            },
            {
              "boundingBox": "645,552,108,38",
              "text": "Each"
            },
            {
              "boundingBox": "768,552,80,38",
              "text": "box"
            },
            {
              "boundingBox": "862,552,175,38",
              "text": "includes"
            },
            {
              "boundingBox": "1054,566,24,24",
              "text": "a"
            },
            {
              "boundingBox": "1095,552,143,38",
              "text": "Sachet"
            }
          ]
        },
        {
          "boundingBox": "152,617,1085,38",
          "words": [
            {
              "boundingBox": "152,617,80,38",
              "text": "and"
            },
            {
              "boundingBox": "244,617,249,38",
              "text": "instructions"
            },
            {
              "boundingBox": "506,617,61,38",
              "text": "for"
            },
            {
              "boundingBox": "578,631,78,24",
              "text": "use,"
            },
            {
              "boundingBox": "683,617,130,38",
              "text": "These"
            },
            {
              "boundingBox": "826,617,120,38",
              "text": "boxes"
            },
            {
              "boundingBox": "958,617,108,38",
              "text": "work"
            },
            {
              "boundingBox": "1078,631,41,24",
              "text": "as"
            },
            {
              "boundingBox": "1133,617,104,38",
              "text": "shelf"
            }
          ]
        },
        {
          "boundingBox": "152,682,731,50",
          "words": [
            {
              "boundingBox": "152,682,126,38",
              "text": "sellers"
            },
            {
              "boundingBox": "294,682,85,38",
              "text": "that"
            },
            {
              "boundingBox": "393,682,103,38",
              "text": "need"
            },
            {
              "boundingBox": "510,682,93,38",
              "text": "little"
            },
            {
              "boundingBox": "620,682,263,50",
              "text": "explanation."
            }
          ]
        },
        {
          "boundingBox": "150,866,1071,136",
          "words": [
            {
              "boundingBox": "150,869,455,133",
              "text": "QArna,3irw"
            },
            {
              "boundingBox": "629,868,234,134",
              "text": "Shell"
            },
            {
              "boundingBox": "885,866,336,98",
              "text": "SellehJ!"
            }
          ]
        },
        {
          "boundingBox": "789,1511,357,32",
          "words": [
            {
              "boundingBox": "789,1511,151,32",
              "text": "Signature"
            },
            {
              "boundingBox": "950,1511,109,32",
              "text": "Variety"
            },
            {
              "boundingBox": "1071,1511,75,25",
              "text": "Pack"
            }
          ]
        },
        {
          "boundingBox": "1164,1546,73,21",
          "words": [
            {
              "boundingBox": "1164,1546,73,21",
              "text": "25110"
            }
          ]
        },
        {
          "boundingBox": "846,1600,391,20",
          "words": [
            {
              "boundingBox": "846,1600,83,19",
              "text": "11615"
            },
            {
              "boundingBox": "953,1600,87,19",
              "text": "01519"
            },
            {
              "boundingBox": "1083,1601,13,18",
              "text": "4"
            },
            {
              "boundingBox": "1145,1602,92,18",
              "text": "caseof6"
            }
          ]
        },
        {
          "boundingBox": "755,2259,350,32",
          "words": [
            {
              "boundingBox": "755,2259,142,25",
              "text": "Wellness"
            },
            {
              "boundingBox": "908,2259,108,32",
              "text": "Variety"
            },
            {
              "boundingBox": "1028,2259,77,25",
              "text": "Pack"
            }
          ]
        },
        {
          "boundingBox": "1129,2296,75,21",
          "words": [
            {
              "boundingBox": "1129,2296,75,21",
              "text": "25610"
            }
          ]
        },
        {
          "boundingBox": "813,2350,391,20",
          "words": [
            {
              "boundingBox": "813,2350,83,19",
              "text": "11615"
            },
            {
              "boundingBox": "920,2350,87,19",
              "text": "01569"
            },
            {
              "boundingBox": "1050,2350,13,19",
              "text": "9"
            },
            {
              "boundingBox": "1112,2352,92,18",
              "text": "caseof6"
            }
          ]
        }
      ]
    },
    {
      "boundingBox": "1940,1510,464,860",
      "lines": [
        {
          "boundingBox": "1940,1510,339,33",
          "words": [
            {
              "boundingBox": "1940,1510,132,33",
              "text": "Lifestyle"
            },
            {
              "boundingBox": "2082,1511,109,32",
              "text": "Variety"
            },
            {
              "boundingBox": "2203,1511,76,25",
              "text": "Pack"
            }
          ]
        },
        {
          "boundingBox": "2313,1546,75,21",
          "words": [
            {
              "boundingBox": "2313,1546,75,21",
              "text": "25210"
            }
          ]
        },
        {
          "boundingBox": "2117,1602,65,18",
          "words": [
            {
              "boundingBox": "2117,1602,65,18",
              "text": "01529"
            }
          ]
        },
        {
          "boundingBox": "2233,1602,154,18",
          "words": [
            {
              "boundingBox": "2233,1602,12,18",
              "text": "3"
            },
            {
              "boundingBox": "2296,1607,47,13",
              "text": "case"
            },
            {
              "boundingBox": "2350,1602,19,17",
              "text": "of"
            },
            {
              "boundingBox": "2375,1602,12,18",
              "text": "6"
            }
          ]
        },
        {
          "boundingBox": "1952,2258,452,32",
          "words": [
            {
              "boundingBox": "1952,2258,71,25",
              "text": "Pure"
            },
            {
              "boundingBox": "2035,2258,162,25",
              "text": "Essentials"
            },
            {
              "boundingBox": "2208,2258,108,32",
              "text": "Variety"
            },
            {
              "boundingBox": "2328,2258,76,25",
              "text": "Pack"
            }
          ]
        },
        {
          "boundingBox": "2325,2296,75,21",
          "words": [
            {
              "boundingBox": "2325,2296,75,21",
              "text": "25410"
            }
          ]
        },
        {
          "boundingBox": "2009,2350,390,20",
          "words": [
            {
              "boundingBox": "2009,2350,83,19",
              "text": "11615"
            },
            {
              "boundingBox": "2116,2350,86,19",
              "text": "01549"
            },
            {
              "boundingBox": "2247,2350,11,19",
              "text": "1"
            },
            {
              "boundingBox": "2308,2352,91,18",
              "text": "caseof6"
            }
          ]
        }
      ]
    },
    {
      "boundingBox": "1312,2523,609,463",
      "lines": [
        {
          "boundingBox": "1312,2523,609,79",
          "words": [
            {
              "boundingBox": "1312,2524,248,78",
              "text": "Sachet"
            },
            {
              "boundingBox": "1578,2523,343,78",
              "text": "included!"
            }
          ]
        },
        {
          "boundingBox": "1313,2667,608,44",
          "words": [
            {
              "boundingBox": "1313,2668,93,32",
              "text": "Each"
            },
            {
              "boundingBox": "1423,2667,137,33",
              "text": "Shower"
            },
            {
              "boundingBox": "1575,2668,98,32",
              "text": "Burst"
            },
            {
              "boundingBox": "1687,2668,133,43",
              "text": "Variety"
            },
            {
              "boundingBox": "1835,2668,86,32",
              "text": "Pack"
            }
          ]
        },
        {
          "boundingBox": "1313,2722,608,33",
          "words": [
            {
              "boundingBox": "1313,2723,148,32",
              "text": "includes"
            },
            {
              "boundingBox": "1479,2734,21,21",
              "text": "a"
            },
            {
              "boundingBox": "1518,2722,121,33",
              "text": "Sachet"
            },
            {
              "boundingBox": "1655,2723,72,32",
              "text": "that"
            },
            {
              "boundingBox": "1744,2723,110,32",
              "text": "allows"
            },
            {
              "boundingBox": "1872,2723,49,32",
              "text": "air"
            }
          ]
        },
        {
          "boundingBox": "1313,2777,608,33",
          "words": [
            {
              "boundingBox": "1313,2784,35,26",
              "text": "to"
            },
            {
              "boundingBox": "1372,2778,153,32",
              "text": "circulate"
            },
            {
              "boundingBox": "1549,2778,132,32",
              "text": "around"
            },
            {
              "boundingBox": "1703,2778,56,32",
              "text": "the"
            },
            {
              "boundingBox": "1784,2777,137,33",
              "text": "Shower"
            }
          ]
        },
        {
          "boundingBox": "1313,2833,607,43",
          "words": [
            {
              "boundingBox": "1313,2833,107,40",
              "text": "Burst,"
            },
            {
              "boundingBox": "1450,2833,137,43",
              "text": "helping"
            },
            {
              "boundingBox": "1613,2833,39,32",
              "text": "its"
            },
            {
              "boundingBox": "1682,2833,151,32",
              "text": "essential"
            },
            {
              "boundingBox": "1861,2833,59,32",
              "text": "oils"
            }
          ]
        },
        {
          "boundingBox": "1313,2888,608,43",
          "words": [
            {
              "boundingBox": "1313,2888,70,31",
              "text": "mix"
            },
            {
              "boundingBox": "1407,2888,80,32",
              "text": "with"
            },
            {
              "boundingBox": "1513,2888,55,32",
              "text": "the"
            },
            {
              "boundingBox": "1595,2888,101,43",
              "text": "rising"
            },
            {
              "boundingBox": "1721,2894,105,26",
              "text": "steam"
            },
            {
              "boundingBox": "1852,2888,69,32",
              "text": "and"
            }
          ]
        },
        {
          "boundingBox": "1314,2943,568,43",
          "words": [
            {
              "boundingBox": "1314,2943,154,43",
              "text": "allowing"
            },
            {
              "boundingBox": "1478,2943,25,32",
              "text": "it"
            },
            {
              "boundingBox": "1515,2949,35,26",
              "text": "to"
            },
            {
              "boundingBox": "1563,2943,62,43",
              "text": "dry"
            },
            {
              "boundingBox": "1636,2943,152,32",
              "text": "between"
            },
            {
              "boundingBox": "1800,2954,82,21",
              "text": "uses."
            }
          ]
        }
      ]
    },
    {
      "boundingBox": "787,3012,302,107",
      "lines": [
        {
          "boundingBox": "787,3012,301,32",
          "words": [
            {
              "boundingBox": "787,3012,93,25",
              "text": "Citrus"
            },
            {
              "boundingBox": "891,3012,109,32",
              "text": "Variety"
            },
            {
              "boundingBox": "1012,3012,76,25",
              "text": "Pack"
            }
          ]
        },
        {
          "boundingBox": "1078,3102,11,17",
          "words": [
            {
              "boundingBox": "1078,3102,11,17",
              "text": "2"
            }
          ]
        }
      ]
    },
    {
      "boundingBox": "1144,3046,91,74",
      "lines": [
        {
          "boundingBox": "1160,3046,75,21",
          "words": [
            {
              "boundingBox": "1160,3046,75,21",
              "text": "25710"
            }
          ]
        },
        {
          "boundingBox": "1144,3102,91,18",
          "words": [
            {
              "boundingBox": "1144,3107,46,13",
              "text": "æse"
            },
            {
              "boundingBox": "1197,3102,20,17",
              "text": "of"
            },
            {
              "boundingBox": "1223,3102,12,18",
              "text": "6"
            }
          ]
        }
      ]
    }
  ]
}