{
  "language": "en",
  "orientation": "Up",
  "textAngle": 0.0,
  "regions": [
    {
      "boundingBox": "157,179,2177,1222",
      "lines": [
        {
          "boundingBox": "216,179,2118,185",
          "words": [
            {
              "boundingBox": "216,179,2118,185",
              "text": "hydraAROMATHERAPY"
            }
          ]
        },
        {
          "boundingBox": "875,420,251,98",
          "words": [
            {
              "boundingBox": "875,420,251,98",
              "text": "wit\""
            }
          ]
        },
        {
          "boundingBox": "157,782,1412,115",
          "words": [
            {
              "boundingBox": "157,782,421,87",
              "text": "Shower"
            },
            {
              "boundingBox": "611,782,372,87",
              "text": "Bursts"
            },
            {
              "boundingBox": "1018,782,137,115",
              "text": "by"
            },
            {
              "boundingBox": "1189,782,177,87",
              "text": "the"
            },
            {
              "boundingBox": "1382,783,187,114",
              "text": "Jar"
            }
          ]
        },
        {
          "boundingBox": "1626,830,658,87",
          "words": [
            {
              "boundingBox": "1626,832,195,85",
              "text": "cJC'[iN"
            },
            {
              "boundingBox": "1854,831,75,86",
              "text": "&"
            },
            {
              "boundingBox": "1955,830,329,86",
              "text": "effatch!"
            }
          ]
        },
        {
          "boundingBox": "650,1079,138,45",
          "words": [
            {
              "boundingBox": "650,1079,138,45",
              "text": "Selle't!"
            }
          ]
        },
        {
          "boundingBox": "232,1368,260,33",
          "words": [
            {
              "boundingBox": "232,1368,260,33",
              "text": ".HOWäRBVRSf"
            }
          ]
        }
      ]
    },
    {
      "boundingBox": "152,1509,249,860",
      "lines": [
        {
          "boundingBox": "152,1509,136,28",
          "words": [
            {
              "boundingBox": "152,1509,136,28",
              "text": "Refresh"
            }
          ]
        },
        {
          "boundingBox": "209,1600,192,19",
          "words": [
            {
              "boundingBox": "209,1600,83,19",
              "text": "11615"
            },
            {
              "boundingBox": "316,1600,85,19",
              "text": "01671"
            }
          ]
        },
        {
          "boundingBox": "152,2262,225,28",
          "words": [
            {
              "boundingBox": "152,2262,75,28",
              "text": "Rise"
            },
            {
              "boundingBox": "241,2262,26,28",
              "text": "&"
            },
            {
              "boundingBox": "278,2262,99,28",
              "text": "Shine"
            }
          ]
        },
        {
          "boundingBox": "329,2352,63,17",
          "words": [
            {
              "boundingBox": "329,2352,63,17",
              "text": "01631"
            }
          ]
        }
      ]
    },
    {
      "boundingBox": "445,1550,155,825",
      "lines": [
        {
          "boundingBox": "525,1550,71,21",
          "words": [
            {
              "boundingBox": "525,1550,71,21",
              "text": "65101"
            }
          ]
        },
        {
          "boundingBox": "549,1577,50,21",
          "words": [
            {
              "boundingBox": "549,1577,50,21",
              "text": "$135"
            }
          ]
        },
        {
          "boundingBox": "445,1600,155,25",
          "words": [
            {
              "boundingBox": "445,1600,13,19",
              "text": "9"
            },
            {
              "boundingBox": "489,1603,36,21",
              "text": "Jar,"
            },
            {
              "boundingBox": "532,1603,25,18",
              "text": "48"
            },
            {
              "boundingBox": "565,1607,35,18",
              "text": "pcs"
            }
          ]
        },
        {
          "boundingBox": "525,2300,71,21",
          "words": [
            {
              "boundingBox": "525,2300,71,21",
              "text": "65201"
            }
          ]
        },
        {
          "boundingBox": "549,2327,50,21",
          "words": [
            {
              "boundingBox": "549,2327,50,21",
              "text": "$135"
            }
          ]
        },
        {
          "boundingBox": "447,2352,153,23",
          "words": [
            {
              "boundingBox": "447,2352,11,17",
              "text": "3"
            },
            {
              "boundingBox": "489,2353,36,21",
              "text": "Jar,"
            },
            {
              "boundingBox": "532,2353,25,18",
              "text": "48"
            },
            {
              "boundingBox": "565,2357,35,18",
              "text": "pcs"
            }
          ]
        }
      ]
    },
    {
      "boundingBox": "752,1509,152,789",
      "lines": [
        {
          "boundingBox": "752,1509,98,28",
          "words": [
            {
              "boundingBox": "752,1509,98,28",
              "text": "Relax"
            }
          ]
        },
        {
          "boundingBox": "809,1600,83,19",
          "words": [
            {
              "boundingBox": "809,1600,83,19",
              "text": "11615"
            }
          ]
        },
        {
          "boundingBox": "752,2262,152,36",
          "words": [
            {
              "boundingBox": "752,2262,152,36",
              "text": "Energize"
            }
          ]
        }
      ]
    },
    {
      "boundingBox": "915,1600,124,770",
      "lines": [
        {
          "boundingBox": "916,1600,85,19",
          "words": [
            {
              "boundingBox": "916,1600,85,19",
              "text": "01672"
            }
          ]
        },
        {
          "boundingBox": "915,2169,124,30",
          "words": [
            {
              "boundingBox": "915,2169,124,30",
              "text": "Energize"
            }
          ]
        },
        {
          "boundingBox": "927,2352,66,18",
          "words": [
            {
              "boundingBox": "927,2352,66,18",
              "text": "01632"
            }
          ]
        }
      ]
    },
    {
      "boundingBox": "1044,1600,14,770",
      "lines": [
        {
          "boundingBox": "1045,1600,13,19",
          "words": [
            {
              "boundingBox": "1045,1600,13,19",
              "text": "6"
            }
          ]
        },
        {
          "boundingBox": "1044,2352,12,18",
          "words": [
            {
              "boundingBox": "1044,2352,12,18",
              "text": "0"
            }
          ]
        }
      ]
    },
    {
      "boundingBox": "1089,1550,111,825",
      "lines": [
        {
          "boundingBox": "1125,1550,74,21",
          "words": [
            {
              "boundingBox": "1125,1550,74,21",
              "text": "65102"
            }
          ]
        },
        {
          "boundingBox": "1149,1577,50,21",
          "words": [
            {
              "boundingBox": "1149,1577,50,21",
              "text": "$135"
            }
          ]
        },
        {
          "boundingBox": "1089,1603,111,22",
          "words": [
            {
              "boundingBox": "1089,1603,36,21",
              "text": "Jar,"
            },
            {
              "boundingBox": "1132,1603,25,18",
              "text": "48"
            },
            {
              "boundingBox": "1165,1607,35,18",
              "text": "pcs"
            }
          ]
        },
        {
          "boundingBox": "1125,2300,74,21",
          "words": [
            {
              "boundingBox": "1125,2300,74,21",
              "text": "65202"
            }
          ]
        },
        {
          "boundingBox": "1149,2327,50,21",
          "words": [
            {
              "boundingBox": "1149,2327,50,21",
              "text": "$135"
            }
          ]
        },
        {
          "boundingBox": "1089,2353,111,22",
          "words": [
            {
              "boundingBox": "1089,2353,36,21",
              "text": "Jar,"
            },
            {
              "boundingBox": "1132,2353,25,18",
              "text": "48"
            },
            {
              "boundingBox": "1165,2357,35,18",
              "text": "pcs"
            }
          ]
        }
      ]
    },
    {
      "boundingBox": "1351,1509,141,781",
      "lines": [
        {
          "boundingBox": "1351,1509,116,36",
          "words": [
            {
              "boundingBox": "1351,1509,116,36",
              "text": "Clarity"
            }
          ]
        },
        {
          "boundingBox": "1409,1600,83,19",
          "words": [
            {
              "boundingBox": "1409,1600,83,19",
              "text": "11615"
            }
          ]
        },
        {
          "boundingBox": "1352,2261,131,29",
          "words": [
            {
              "boundingBox": "1352,2261,131,29",
              "text": "Unwind"
            }
          ]
        }
      ]
    },
    {
      "boundingBox": "1516,1420,123,950",
      "lines": [
        {
          "boundingBox": "1516,1420,93,33",
          "words": [
            {
              "boundingBox": "1516,1420,93,33",
              "text": "Clarity"
            }
          ]
        },
        {
          "boundingBox": "1516,1600,85,19",
          "words": [
            {
              "boundingBox": "1516,1600,85,19",
              "text": "01673"
            }
          ]
        },
        {
          "boundingBox": "1525,2157,114,24",
          "words": [
            {
              "boundingBox": "1525,2157,114,24",
              "text": "Unwind"
            }
          ]
        },
        {
          "boundingBox": "1527,2352,66,18",
          "words": [
            {
              "boundingBox": "1527,2352,66,18",
              "text": "01633"
            }
          ]
        }
      ]
    },
    {
      "boundingBox": "1689,1550,111,1575",
      "lines": [
        {
          "boundingBox": "1724,1550,74,21",
          "words": [
            {
              "boundingBox": "1724,1550,74,21",
              "text": "65103"
            }
          ]
        },
        {
          "boundingBox": "1748,1577,51,21",
          "words": [
            {
              "boundingBox": "1748,1577,51,21",
              "text": "$135"
            }
          ]
        },
        {
          "boundingBox": "1689,1603,110,22",
          "words": [
            {
              "boundingBox": "1689,1603,35,21",
              "text": "Jar,"
            },
            {
              "boundingBox": "1732,1603,25,18",
              "text": "48"
            },
            {
              "boundingBox": "1765,1607,34,18",
              "text": "pcs"
            }
          ]
        },
        {
          "boundingBox": "1725,2300,74,21",
          "words": [
            {
              "boundingBox": "1725,2300,74,21",
              "text": "65203"
            }
          ]
        },
        {
          "boundingBox": "1749,2327,50,21",
          "words": [
            {
              "boundingBox": "1749,2327,50,21",
              "text": "$135"
            }
          ]
        },
        {
          "boundingBox": "1689,2353,111,22",
          "words": [
            {
              "boundingBox": "1689,2353,36,21",
              "text": "Jar,"
            },
            {
              "boundingBox": "1732,2353,25,18",
              "text": "48"
            },
            {
              "boundingBox": "1765,2357,35,18",
              "text": "pcs"
            }
          ]
        },
        {
          "boundingBox": "1725,3050,74,21",
          "words": [
            {
              "boundingBox": "1725,3050,74,21",
              "text": "65604"
            }
          ]
        },
        {
          "boundingBox": "1749,3077,50,21",
          "words": [
            {
              "boundingBox": "1749,3077,50,21",
              "text": "$135"
            }
          ]
        },
        {
          "boundingBox": "1689,3103,111,22",
          "words": [
            {
              "boundingBox": "1689,3103,36,21",
              "text": "Jar,"
            },
            {
              "boundingBox": "1732,3103,25,18",
              "text": "48"
            },
            {
              "boundingBox": "1765,3107,35,18",
              "text": "pcs"
            }
          ]
        }
      ]
    },
    {
      "boundingBox": "1952,1509,250,110",
      "lines": [
        {
          "boundingBox": "1952,1509,132,36",
          "words": [
            {
              "boundingBox": "1952,1509,132,36",
              "text": "Healing"
            }
          ]
        },
        {
          "boundingBox": "2009,1600,193,19",
          "words": [
            {
              "boundingBox": "2009,1600,83,19",
              "text": "11615"
            },
            {
              "boundingBox": "2116,1600,86,19",
              "text": "01674"
            }
          ]
        }
      ]
    },
    {
      "boundingBox": "2245,1550,155,75",
      "lines": [
        {
          "boundingBox": "2325,1550,74,21",
          "words": [
            {
              "boundingBox": "2325,1550,74,21",
              "text": "65104"
            }
          ]
        },
        {
          "boundingBox": "2349,1577,50,21",
          "words": [
            {
              "boundingBox": "2349,1577,50,21",
              "text": "$135"
            }
          ]
        },
        {
          "boundingBox": "2245,1600,155,25",
          "words": [
            {
              "boundingBox": "2245,1600,13,19",
              "text": "O"
            },
            {
              "boundingBox": "2289,1603,36,21",
              "text": "Jar,"
            },
            {
              "boundingBox": "2332,1603,25,18",
              "text": "48"
            },
            {
              "boundingBox": "2365,1607,35,18",
              "text": "pcs"
            }
          ]
        }
      ]
    },
    {
      "boundingBox": "2080,2154,201,27",
      "lines": [
        {
          "boundingBox": "2080,2154,201,27",
          "words": [
            {
              "boundingBox": "2080,2154,84,27",
              "text": "Sweet"
            },
            {
              "boundingBox": "2176,2157,105,24",
              "text": "Dreams"
            }
          ]
        }
      ]
    },
    {
      "boundingBox": "1644,2352,11,17",
      "lines": [
        {
          "boundingBox": "1644,2352,11,17",
          "words": [
            {
              "boundingBox": "1644,2352,11,17",
              "text": "7"
            }
          ]
        }
      ]
    },
    {
      "boundingBox": "1853,2262,351,338",
      "lines": [
        {
          "boundingBox": "1951,2262,253,28",
          "words": [
            {
              "boundingBox": "1951,2262,107,28",
              "text": "Sweet"
            },
            {
              "boundingBox": "2071,2262,133,28",
              "text": "Dreams"
            }
          ]
        },
        {
          "boundingBox": "2129,2351,68,19",
          "words": [
            {
              "boundingBox": "2129,2351,68,19",
              "text": "01634"
            }
          ]
        },
        {
          "boundingBox": "1853,2554,138,46",
          "words": [
            {
              "boundingBox": "1853,2554,138,46",
              "text": "Selle't!"
            }
          ]
        }
      ]
    },
    {
      "boundingBox": "2247,2300,153,75",
      "lines": [
        {
          "boundingBox": "2325,2300,74,21",
          "words": [
            {
              "boundingBox": "2325,2300,74,21",
              "text": "65204"
            }
          ]
        },
        {
          "boundingBox": "2349,2327,50,21",
          "words": [
            {
              "boundingBox": "2349,2327,50,21",
              "text": "$135"
            }
          ]
        },
        {
          "boundingBox": "2247,2351,153,24",
          "words": [
            {
              "boundingBox": "2247,2351,11,19",
              "text": "4"
            },
            {
              "boundingBox": "2289,2353,36,21",
              "text": "Jar,"
            },
            {
              "boundingBox": "2332,2353,25,18",
              "text": "48"
            },
            {
              "boundingBox": "2365,2357,35,18",
              "text": "pcs"
            }
          ]
        }
      ]
    },
    {
      "boundingBox": "818,2869,311,78",
      "lines": [
        {
          "boundingBox": "818,2869,311,36",
          "words": [
            {
              "boundingBox": "818,2896,10,3",
              "text": "_"
            },
            {
              "boundingBox": "833,2869,155,33",
              "text": "SHOWER"
            },
            {
              "boundingBox": "1000,2869,129,36",
              "text": "BÜR.YT__"
            }
          ]
        },
        {
          "boundingBox": "1003,2905,121,42",
          "words": [
            {
              "boundingBox": "1003,2905,121,42",
              "text": "BliS1fR__"
            }
          ]
        }
      ]
    },
    {
      "boundingBox": "1352,2869,306,250",
      "lines": [
        {
          "boundingBox": "1427,2869,143,33",
          "words": [
            {
              "boundingBox": "1427,2869,143,33",
              "text": "SFCWER"
            }
          ]
        },
        {
          "boundingBox": "1352,3012,306,28",
          "words": [
            {
              "boundingBox": "1352,3012,173,28",
              "text": "Headache"
            },
            {
              "boundingBox": "1540,3012,118,28",
              "text": "Buster"
            }
          ]
        },
        {
          "boundingBox": "1409,3100,249,19",
          "words": [
            {
              "boundingBox": "1409,3100,83,19",
              "text": "11615"
            },
            {
              "boundingBox": "1516,3100,86,19",
              "text": "01694"
            },
            {
              "boundingBox": "1645,3100,13,19",
              "text": "8"
            }
          ]
        }
      ]
    },
    {
      "boundingBox": "2072,2908,206,39",
      "lines": [
        {
          "boundingBox": "2072,2908,206,39",
          "words": [
            {
              "boundingBox": "2072,2917,98,30",
              "text": "STRESS"
            },
            {
              "boundingBox": "2179,2908,99,39",
              "text": "åusrrR"
            }
          ]
        }
      ]
    },
    {
      "boundingBox": "151,3012,486,222",
      "lines": [
        {
          "boundingBox": "151,3012,317,28",
          "words": [
            {
              "boundingBox": "151,3012,80,28",
              "text": "Cold"
            },
            {
              "boundingBox": "245,3012,26,28",
              "text": "&"
            },
            {
              "boundingBox": "283,3012,53,28",
              "text": "Flu"
            },
            {
              "boundingBox": "350,3012,118,28",
              "text": "Buster"
            }
          ]
        },
        {
          "boundingBox": "525,3050,74,21",
          "words": [
            {
              "boundingBox": "525,3050,74,21",
              "text": "65602"
            }
          ]
        },
        {
          "boundingBox": "549,3077,50,21",
          "words": [
            {
              "boundingBox": "549,3077,50,21",
              "text": "$135"
            }
          ]
        },
        {
          "boundingBox": "209,3100,391,25",
          "words": [
            {
              "boundingBox": "209,3100,83,19",
              "text": "11615"
            },
            {
              "boundingBox": "316,3100,85,19",
              "text": "01692"
            },
            {
              "boundingBox": "445,3101,13,18",
              "text": "4"
            },
            {
              "boundingBox": "489,3103,111,22",
              "text": "Jar,48pcs"
            }
          ]
        },
        {
          "boundingBox": "153,3195,484,39",
          "words": [
            {
              "boundingBox": "153,3195,484,39",
              "text": "hydraAromatherapy.com"
            }
          ]
        }
      ]
    },
    {
      "boundingBox": "752,3012,306,107",
      "lines": [
        {
          "boundingBox": "752,3012,302,36",
          "words": [
            {
              "boundingBox": "752,3012,172,36",
              "text": "Hangover"
            },
            {
              "boundingBox": "935,3012,119,28",
              "text": "Buster"
            }
          ]
        },
        {
          "boundingBox": "809,3100,192,19",
          "words": [
            {
              "boundingBox": "809,3100,83,19",
              "text": "11615"
            },
            {
              "boundingBox": "916,3100,85,19",
              "text": "01693"
            }
          ]
        },
        {
          "boundingBox": "1047,3100,11,19",
          "words": [
            {
              "boundingBox": "1047,3100,11,19",
              "text": "I"
            }
          ]
        }
      ]
    },
    {
      "boundingBox": "1089,3050,111,75",
      "lines": [
        {
          "boundingBox": "1125,3050,74,21",
          "words": [
            {
              "boundingBox": "1125,3050,74,21",
              "text": "65603"
            }
          ]
        },
        {
          "boundingBox": "1149,3077,50,21",
          "words": [
            {
              "boundingBox": "1149,3077,50,21",
              "text": "$135"
            }
          ]
        },
        {
          "boundingBox": "1089,3103,111,22",
          "words": [
            {
              "boundingBox": "1089,3103,36,21",
              "text": "Jar,"
            },
            {
              "boundingBox": "1132,3103,25,18",
              "text": "48"
            },
            {
              "boundingBox": "1165,3107,35,18",
              "text": "pcs"
            }
          ]
        }
      ]
    },
    {
      "boundingBox": "1951,3012,251,107",
      "lines": [
        {
          "boundingBox": "1951,3012,244,28",
          "words": [
            {
              "boundingBox": "1951,3012,112,28",
              "text": "Stress"
            },
            {
              "boundingBox": "2077,3012,118,28",
              "text": "Buster"
            }
          ]
        },
        {
          "boundingBox": "2009,3100,193,19",
          "words": [
            {
              "boundingBox": "2009,3100,83,19",
              "text": "11615"
            },
            {
              "boundingBox": "2116,3100,86,19",
              "text": "01696"
            }
          ]
        }
      ]
    },
    {
      "boundingBox": "2245,3050,155,75",
      "lines": [
        {
          "boundingBox": "2325,3050,74,21",
          "words": [
            {
              "boundingBox": "2325,3050,74,21",
              "text": "65606"
            }
          ]
        },
        {
          "boundingBox": "2349,3077,50,21",
          "words": [
            {
              "boundingBox": "2349,3077,50,21",
              "text": "$135"
            }
          ]
        },
        {
          "boundingBox": "2245,3100,155,25",
          "words": [
            {
              "boundingBox": "2245,3100,13,19",
              "text": "2"
            },
            {
              "boundingBox": "2289,3103,36,21",
              "text": "Jar,"
            },
            {
              "boundingBox": "2332,3103,25,18",
              "text": "48"
            },
            {
              "boundingBox": "2365,3107,35,18",
              "text": "pcs"
            }
          ]
        }
      ]
    }
  ]
}