{
  "language": "en",
  "orientation": "Up",
  "textAngle": 0.0,
  "regions": [
    {
      "boundingBox": "150,214,2173,1614",
      "lines": [
        {
          "boundingBox": "1359,214,21,15",
          "words": [
            {
              "boundingBox": "1359,214,21,15",
              "text": "•s"
            }
          ]
        },
        {
          "boundingBox": "158,719,2165,71",
          "words": [
            {
              "boundingBox": "158,719,120,53",
              "text": "The"
            },
            {
              "boundingBox": "307,719,291,53",
              "text": "Wellness"
            },
            {
              "boundingBox": "624,719,337,53",
              "text": "Collection"
            },
            {
              "boundingBox": "963,719,288,71",
              "text": "features"
            },
            {
              "boundingBox": "1261,719,317,71",
              "text": "powerful"
            },
            {
              "boundingBox": "1597,719,482,71",
              "text": "arornatherapy"
            },
            {
              "boundingBox": "2104,719,219,53",
              "text": "blends"
            }
          ]
        },
        {
          "boundingBox": "151,810,1400,71",
          "words": [
            {
              "boundingBox": "151,810,299,71",
              "text": "designed"
            },
            {
              "boundingBox": "468,830,73,33",
              "text": "as"
            },
            {
              "boundingBox": "562,830,38,33",
              "text": "a"
            },
            {
              "boundingBox": "620,810,253,53",
              "text": "natural"
            },
            {
              "boundingBox": "880,810,162,70",
              "text": "path"
            },
            {
              "boundingBox": "1063,819,61,44",
              "text": "to"
            },
            {
              "boundingBox": "1139,810,171,71",
              "text": "good"
            },
            {
              "boundingBox": "1326,810,225,53",
              "text": "health,"
            }
          ]
        },
        {
          "boundingBox": "155,1011,590,67",
          "words": [
            {
              "boundingBox": "155,1011,323,67",
              "text": "Shower"
            },
            {
              "boundingBox": "503,1011,242,67",
              "text": "Burst"
            }
          ]
        },
        {
          "boundingBox": "152,1120,1083,35",
          "words": [
            {
              "boundingBox": "152,1120,112,27",
              "text": "Shower"
            },
            {
              "boundingBox": "274,1120,92,27",
              "text": "Bursts"
            },
            {
              "boundingBox": "377,1120,148,27",
              "text": "transform"
            },
            {
              "boundingBox": "534,1130,70,25",
              "text": "your"
            },
            {
              "boundingBox": "614,1120,106,27",
              "text": "shower"
            },
            {
              "boundingBox": "730,1120,58,27",
              "text": "into"
            },
            {
              "boundingBox": "800,1130,36,17",
              "text": "an"
            },
            {
              "boundingBox": "847,1120,211,35",
              "text": "aromatherapy"
            },
            {
              "boundingBox": "1068,1120,167,35",
              "text": "experience."
            }
          ]
        },
        {
          "boundingBox": "150,1165,1087,35",
          "words": [
            {
              "boundingBox": "150,1165,87,27",
              "text": "Made"
            },
            {
              "boundingBox": "249,1165,66,27",
              "text": "with"
            },
            {
              "boundingBox": "328,1165,154,27",
              "text": "all-natural"
            },
            {
              "boundingBox": "493,1165,165,35",
              "text": "ingredients"
            },
            {
              "boundingBox": "672,1165,56,27",
              "text": "and"
            },
            {
              "boundingBox": "739,1175,68,25",
              "text": "pure"
            },
            {
              "boundingBox": "820,1165,124,27",
              "text": "essential"
            },
            {
              "boundingBox": "956,1165,56,33",
              "text": "oils,"
            },
            {
              "boundingBox": "1026,1165,63,35",
              "text": "they"
            },
            {
              "boundingBox": "1101,1175,46,17",
              "text": "are"
            },
            {
              "boundingBox": "1160,1175,17,17",
              "text": "a"
            },
            {
              "boundingBox": "1188,1165,49,27",
              "text": "fun"
            }
          ]
        },
        {
          "boundingBox": "150,1210,1088,35",
          "words": [
            {
              "boundingBox": "150,1220,60,25",
              "text": "way"
            },
            {
              "boundingBox": "220,1215,28,22",
              "text": "to"
            },
            {
              "boundingBox": "259,1210,81,35",
              "text": "enjoy"
            },
            {
              "boundingBox": "350,1210,210,35",
              "text": "aromatherapy"
            },
            {
              "boundingBox": "570,1220,79,25",
              "text": "every"
            },
            {
              "boundingBox": "659,1210,56,35",
              "text": "day."
            },
            {
              "boundingBox": "727,1210,39,27",
              "text": "To"
            },
            {
              "boundingBox": "777,1220,55,23",
              "text": "use,"
            },
            {
              "boundingBox": "843,1220,114,25",
              "text": "unwrap"
            },
            {
              "boundingBox": "970,1210,112,27",
              "text": "Shower"
            },
            {
              "boundingBox": "1091,1210,81,27",
              "text": "Burst"
            },
            {
              "boundingBox": "1181,1210,57,27",
              "text": "and"
            }
          ]
        },
        {
          "boundingBox": "150,1255,1087,35",
          "words": [
            {
              "boundingBox": "150,1255,78,35",
              "text": "place"
            },
            {
              "boundingBox": "240,1265,37,17",
              "text": "on"
            },
            {
              "boundingBox": "289,1265,17,17",
              "text": "a"
            },
            {
              "boundingBox": "317,1255,61,27",
              "text": "dish"
            },
            {
              "boundingBox": "389,1265,32,17",
              "text": "or"
            },
            {
              "boundingBox": "432,1255,28,26",
              "text": "in"
            },
            {
              "boundingBox": "472,1265,17,17",
              "text": "a"
            },
            {
              "boundingBox": "501,1255,99,27",
              "text": "sachet."
            },
            {
              "boundingBox": "612,1255,61,27",
              "text": "Wet"
            },
            {
              "boundingBox": "683,1255,96,35",
              "text": "briefly"
            },
            {
              "boundingBox": "789,1260,28,22",
              "text": "to"
            },
            {
              "boundingBox": "830,1255,120,27",
              "text": "activate."
            },
            {
              "boundingBox": "964,1255,87,35",
              "text": "Enjoy"
            },
            {
              "boundingBox": "1062,1255,42,27",
              "text": "for"
            },
            {
              "boundingBox": "1115,1255,122,35",
              "text": "multiple"
            }
          ]
        },
        {
          "boundingBox": "151,1300,448,27",
          "words": [
            {
              "boundingBox": "151,1300,117,27",
              "text": "showers"
            },
            {
              "boundingBox": "279,1300,56,27",
              "text": "and"
            },
            {
              "boundingBox": "345,1305,94,22",
              "text": "re-wet"
            },
            {
              "boundingBox": "449,1300,68,27",
              "text": "each"
            },
            {
              "boundingBox": "527,1300,72,27",
              "text": "time,"
            }
          ]
        },
        {
          "boundingBox": "154,1364,1080,35",
          "words": [
            {
              "boundingBox": "154,1364,60,26",
              "text": "The"
            },
            {
              "boundingBox": "226,1364,127,26",
              "text": "Shower"
            },
            {
              "boundingBox": "363,1364,93,26",
              "text": "Burst"
            },
            {
              "boundingBox": "467,1364,116,26",
              "text": "Starter"
            },
            {
              "boundingBox": "595,1364,50,26",
              "text": "Set"
            },
            {
              "boundingBox": "656,1364,140,26",
              "text": "includes"
            },
            {
              "boundingBox": "807,1364,40,26",
              "text": "36"
            },
            {
              "boundingBox": "852,1364,107,35",
              "text": "pieces"
            },
            {
              "boundingBox": "971,1364,76,26",
              "text": "each"
            },
            {
              "boundingBox": "1059,1364,37,35",
              "text": "of"
            },
            {
              "boundingBox": "1101,1364,19,26",
              "text": "4"
            },
            {
              "boundingBox": "1131,1364,103,35",
              "text": "styles,"
            }
          ]
        },
        {
          "boundingBox": "150,1409,1087,35",
          "words": [
            {
              "boundingBox": "150,1409,19,26",
              "text": "4"
            },
            {
              "boundingBox": "178,1409,88,35",
              "text": "glass"
            },
            {
              "boundingBox": "279,1409,122,35",
              "text": "display"
            },
            {
              "boundingBox": "408,1409,72,35",
              "text": "jars"
            },
            {
              "boundingBox": "493,1409,65,26",
              "text": "and"
            },
            {
              "boundingBox": "570,1418,19,17",
              "text": "a"
            },
            {
              "boundingBox": "603,1409,126,26",
              "text": "Shower"
            },
            {
              "boundingBox": "741,1409,93,26",
              "text": "Burst"
            },
            {
              "boundingBox": "847,1409,78,35",
              "text": "Sign."
            },
            {
              "boundingBox": "938,1409,74,26",
              "text": "Also"
            },
            {
              "boundingBox": "1026,1409,146,26",
              "text": "included"
            },
            {
              "boundingBox": "1184,1418,53,17",
              "text": "are"
            }
          ]
        },
        {
          "boundingBox": "150,1454,1023,35",
          "words": [
            {
              "boundingBox": "150,1454,19,27",
              "text": "2"
            },
            {
              "boundingBox": "178,1454,123,26",
              "text": "How-to"
            },
            {
              "boundingBox": "315,1454,126,33",
              "text": "Tablets,"
            },
            {
              "boundingBox": "453,1454,38,27",
              "text": "24"
            },
            {
              "boundingBox": "505,1454,93,26",
              "text": "White"
            },
            {
              "boundingBox": "609,1454,125,26",
              "text": "Sachets"
            },
            {
              "boundingBox": "744,1454,65,26",
              "text": "and"
            },
            {
              "boundingBox": "817,1463,41,17",
              "text": "an"
            },
            {
              "boundingBox": "867,1454,156,26",
              "text": "Essential"
            },
            {
              "boundingBox": "1033,1454,52,26",
              "text": "Oil"
            },
            {
              "boundingBox": "1095,1454,78,35",
              "text": "Sign."
            }
          ]
        },
        {
          "boundingBox": "798,1521,393,25",
          "words": [
            {
              "boundingBox": "798,1521,120,25",
              "text": "Shower"
            },
            {
              "boundingBox": "928,1521,85,25",
              "text": "Burst"
            },
            {
              "boundingBox": "1023,1521,108,25",
              "text": "Starter"
            },
            {
              "boundingBox": "1140,1521,51,25",
              "text": "Set"
            }
          ]
        },
        {
          "boundingBox": "1146,1562,90,25",
          "words": [
            {
              "boundingBox": "1146,1562,90,25",
              "text": "25016"
            }
          ]
        },
        {
          "boundingBox": "1178,1597,59,25",
          "words": [
            {
              "boundingBox": "1178,1597,59,25",
              "text": "$425"
            }
          ]
        },
        {
          "boundingBox": "797,1600,12,19",
          "words": [
            {
              "boundingBox": "797,1600,12,19",
              "text": "8"
            }
          ]
        },
        {
          "boundingBox": "855,1600,250,19",
          "words": [
            {
              "boundingBox": "855,1600,83,19",
              "text": "11615"
            },
            {
              "boundingBox": "962,1600,13,19",
              "text": "0"
            },
            {
              "boundingBox": "983,1600,66,19",
              "text": "1506"
            },
            {
              "boundingBox": "1092,1601,13,18",
              "text": "4"
            }
          ]
        },
        {
          "boundingBox": "152,1761,536,67",
          "words": [
            {
              "boundingBox": "152,1761,349,67",
              "text": "Bathtub"
            },
            {
              "boundingBox": "531,1762,157,66",
              "text": "Tea"
            }
          ]
        }
      ]
    },
    {
      "boundingBox": "2381,501,24,31",
      "lines": [
        {
          "boundingBox": "2381,501,24,31",
          "words": [
            {
              "boundingBox": "2381,501,24,31",
              "text": "9"
            }
          ]
        }
      ]
    },
    {
      "boundingBox": "150,1868,1087,1366",
      "lines": [
        {
          "boundingBox": "150,1868,1087,33",
          "words": [
            {
              "boundingBox": "150,1868,120,27",
              "text": "Bathtub"
            },
            {
              "boundingBox": "282,1868,67,27",
              "text": "Teas"
            },
            {
              "boundingBox": "361,1878,46,17",
              "text": "are"
            },
            {
              "boundingBox": "418,1868,159,27",
              "text": "handmade"
            },
            {
              "boundingBox": "588,1868,66,27",
              "text": "with"
            },
            {
              "boundingBox": "665,1868,154,27",
              "text": "all-natural"
            },
            {
              "boundingBox": "830,1868,88,33",
              "text": "herbs,"
            },
            {
              "boundingBox": "930,1868,105,27",
              "text": "flowers"
            },
            {
              "boundingBox": "1047,1868,56,27",
              "text": "and"
            },
            {
              "boundingBox": "1114,1868,123,27",
              "text": "essential"
            }
          ]
        },
        {
          "boundingBox": "151,1913,1086,35",
          "words": [
            {
              "boundingBox": "151,1913,56,33",
              "text": "oils,"
            },
            {
              "boundingBox": "219,1913,144,35",
              "text": "providing"
            },
            {
              "boundingBox": "374,1913,35,27",
              "text": "all"
            },
            {
              "boundingBox": "420,1913,46,27",
              "text": "the"
            },
            {
              "boundingBox": "479,1913,169,35",
              "text": "therapeutic"
            },
            {
              "boundingBox": "659,1913,114,27",
              "text": "benefits"
            },
            {
              "boundingBox": "786,1913,33,27",
              "text": "of"
            },
            {
              "boundingBox": "831,1923,37,17",
              "text": "an"
            },
            {
              "boundingBox": "879,1913,96,27",
              "text": "herbal"
            },
            {
              "boundingBox": "986,1913,67,27",
              "text": "bath"
            },
            {
              "boundingBox": "1064,1913,116,27",
              "text": "without"
            },
            {
              "boundingBox": "1191,1913,46,27",
              "text": "the"
            }
          ]
        },
        {
          "boundingBox": "150,1958,1087,35",
          "words": [
            {
              "boundingBox": "150,1968,78,17",
              "text": "mess,"
            },
            {
              "boundingBox": "240,1958,79,35",
              "text": "They"
            },
            {
              "boundingBox": "329,1968,52,17",
              "text": "can"
            },
            {
              "boundingBox": "391,1958,35,27",
              "text": "be"
            },
            {
              "boundingBox": "436,1958,68,27",
              "text": "used"
            },
            {
              "boundingBox": "513,1958,29,26",
              "text": "in"
            },
            {
              "boundingBox": "552,1958,46,27",
              "text": "the"
            },
            {
              "boundingBox": "608,1958,117,27",
              "text": "bathtub"
            },
            {
              "boundingBox": "736,1968,32,17",
              "text": "or"
            },
            {
              "boundingBox": "778,1968,28,17",
              "text": "as"
            },
            {
              "boundingBox": "817,1968,17,17",
              "text": "a"
            },
            {
              "boundingBox": "843,1958,80,27",
              "text": "facial"
            },
            {
              "boundingBox": "933,1963,94,22",
              "text": "steam."
            },
            {
              "boundingBox": "1039,1958,120,27",
              "text": "Bathtub"
            },
            {
              "boundingBox": "1169,1958,68,27",
              "text": "Teas"
            }
          ]
        },
        {
          "boundingBox": "150,2003,1087,35",
          "words": [
            {
              "boundingBox": "150,2003,31,27",
              "text": "fit"
            },
            {
              "boundingBox": "191,2003,88,35",
              "text": "nicely"
            },
            {
              "boundingBox": "289,2003,86,27",
              "text": "inside"
            },
            {
              "boundingBox": "388,2003,33,27",
              "text": "of"
            },
            {
              "boundingBox": "433,2013,17,17",
              "text": "a"
            },
            {
              "boundingBox": "461,2003,122,35",
              "text": "greeting"
            },
            {
              "boundingBox": "594,2003,72,27",
              "text": "card."
            },
            {
              "boundingBox": "680,2003,75,27",
              "text": "Each"
            },
            {
              "boundingBox": "767,2013,61,17",
              "text": "case"
            },
            {
              "boundingBox": "840,2003,33,27",
              "text": "of"
            },
            {
              "boundingBox": "889,2004,31,27",
              "text": "12"
            },
            {
              "boundingBox": "933,2003,120,27",
              "text": "Bathtub"
            },
            {
              "boundingBox": "1065,2003,67,27",
              "text": "Teas"
            },
            {
              "boundingBox": "1145,2013,92,17",
              "text": "comes"
            }
          ]
        },
        {
          "boundingBox": "150,2048,403,35",
          "words": [
            {
              "boundingBox": "150,2048,65,27",
              "text": "with"
            },
            {
              "boundingBox": "226,2058,17,17",
              "text": "a"
            },
            {
              "boundingBox": "253,2048,114,27",
              "text": "colorful"
            },
            {
              "boundingBox": "377,2048,104,35",
              "text": "display"
            },
            {
              "boundingBox": "490,2048,63,27",
              "text": "box."
            }
          ]
        },
        {
          "boundingBox": "154,2112,894,35",
          "words": [
            {
              "boundingBox": "154,2112,60,26",
              "text": "The"
            },
            {
              "boundingBox": "223,2112,131,26",
              "text": "Bathtub"
            },
            {
              "boundingBox": "368,2112,58,26",
              "text": "Tea"
            },
            {
              "boundingBox": "435,2112,150,35",
              "text": "Pre-pack"
            },
            {
              "boundingBox": "594,2112,141,26",
              "text": "includes"
            },
            {
              "boundingBox": "746,2112,36,27",
              "text": "12"
            },
            {
              "boundingBox": "791,2112,76,26",
              "text": "each"
            },
            {
              "boundingBox": "877,2112,38,35",
              "text": "of"
            },
            {
              "boundingBox": "918,2112,18,26",
              "text": "4"
            },
            {
              "boundingBox": "945,2112,103,35",
              "text": "styles."
            }
          ]
        },
        {
          "boundingBox": "799,2271,338,31",
          "words": [
            {
              "boundingBox": "799,2271,123,25",
              "text": "Bathtub"
            },
            {
              "boundingBox": "932,2271,54,25",
              "text": "Tea"
            },
            {
              "boundingBox": "998,2271,139,31",
              "text": "Pre-pack"
            }
          ]
        },
        {
          "boundingBox": "1146,2312,90,25",
          "words": [
            {
              "boundingBox": "1146,2312,90,25",
              "text": "28006"
            }
          ]
        },
        {
          "boundingBox": "855,2347,382,25",
          "words": [
            {
              "boundingBox": "855,2350,83,19",
              "text": "11615"
            },
            {
              "boundingBox": "962,2350,87,19",
              "text": "01806"
            },
            {
              "boundingBox": "1093,2351,12,18",
              "text": "5"
            },
            {
              "boundingBox": "1143,2347,94,25",
              "text": "$115.20"
            }
          ]
        },
        {
          "boundingBox": "797,2350,12,19",
          "words": [
            {
              "boundingBox": "797,2350,12,19",
              "text": "8"
            }
          ]
        },
        {
          "boundingBox": "152,2519,757,68",
          "words": [
            {
              "boundingBox": "152,2520,239,67",
              "text": "Pulse"
            },
            {
              "boundingBox": "420,2519,229,68",
              "text": "Point"
            },
            {
              "boundingBox": "675,2520,234,66",
              "text": "Balrn"
            }
          ]
        },
        {
          "boundingBox": "152,2627,1084,35",
          "words": [
            {
              "boundingBox": "152,2627,64,27",
              "text": "Skin"
            },
            {
              "boundingBox": "234,2627,56,27",
              "text": "and"
            },
            {
              "boundingBox": "307,2627,227,35",
              "text": "mood-soothing"
            },
            {
              "boundingBox": "551,2627,76,27",
              "text": "Pulse"
            },
            {
              "boundingBox": "646,2627,78,27",
              "text": "Point"
            },
            {
              "boundingBox": "740,2627,91,27",
              "text": "Balms"
            },
            {
              "boundingBox": "849,2637,53,17",
              "text": "can"
            },
            {
              "boundingBox": "918,2627,35,27",
              "text": "be"
            },
            {
              "boundingBox": "972,2627,110,35",
              "text": "applied"
            },
            {
              "boundingBox": "1099,2632,28,22",
              "text": "to"
            },
            {
              "boundingBox": "1144,2627,92,33",
              "text": "wrists,"
            }
          ]
        },
        {
          "boundingBox": "150,2672,1087,35",
          "words": [
            {
              "boundingBox": "150,2672,114,35",
              "text": "temples"
            },
            {
              "boundingBox": "276,2672,57,27",
              "text": "and"
            },
            {
              "boundingBox": "344,2672,79,27",
              "text": "other"
            },
            {
              "boundingBox": "433,2672,76,35",
              "text": "pulse"
            },
            {
              "boundingBox": "521,2672,90,35",
              "text": "points"
            },
            {
              "boundingBox": "623,2672,169,35",
              "text": "throughout"
            },
            {
              "boundingBox": "803,2672,45,27",
              "text": "the"
            },
            {
              "boundingBox": "861,2672,53,35",
              "text": "day"
            },
            {
              "boundingBox": "925,2672,42,27",
              "text": "for"
            },
            {
              "boundingBox": "978,2672,211,35",
              "text": "aromatherapy"
            },
            {
              "boundingBox": "1200,2682,37,17",
              "text": "on"
            }
          ]
        },
        {
          "boundingBox": "150,2717,1087,35",
          "words": [
            {
              "boundingBox": "150,2717,46,27",
              "text": "the"
            },
            {
              "boundingBox": "207,2727,42,25",
              "text": "go,"
            },
            {
              "boundingBox": "262,2717,72,27",
              "text": "Cute"
            },
            {
              "boundingBox": "345,2717,56,27",
              "text": "and"
            },
            {
              "boundingBox": "410,2717,192,35",
              "text": "pocket-sized,"
            },
            {
              "boundingBox": "614,2717,77,27",
              "text": "Pulse"
            },
            {
              "boundingBox": "702,2717,78,27",
              "text": "Point"
            },
            {
              "boundingBox": "789,2717,91,27",
              "text": "Balms"
            },
            {
              "boundingBox": "891,2717,80,27",
              "text": "make"
            },
            {
              "boundingBox": "982,2727,17,17",
              "text": "a"
            },
            {
              "boundingBox": "1007,2717,153,27",
              "text": "wonderful"
            },
            {
              "boundingBox": "1170,2717,67,27",
              "text": "add-"
            }
          ]
        },
        {
          "boundingBox": "151,2762,721,35",
          "words": [
            {
              "boundingBox": "151,2772,37,17",
              "text": "on"
            },
            {
              "boundingBox": "199,2767,28,22",
              "text": "to"
            },
            {
              "boundingBox": "239,2762,112,27",
              "text": "Shower"
            },
            {
              "boundingBox": "361,2762,91,27",
              "text": "Bursts"
            },
            {
              "boundingBox": "462,2762,43,27",
              "text": "for"
            },
            {
              "boundingBox": "513,2762,128,35",
              "text": "personal"
            },
            {
              "boundingBox": "651,2772,47,17",
              "text": "use"
            },
            {
              "boundingBox": "710,2772,32,17",
              "text": "or"
            },
            {
              "boundingBox": "751,2772,29,17",
              "text": "as"
            },
            {
              "boundingBox": "791,2772,17,17",
              "text": "a"
            },
            {
              "boundingBox": "817,2762,55,35",
              "text": "gift."
            }
          ]
        },
        {
          "boundingBox": "154,2826,1083,35",
          "words": [
            {
              "boundingBox": "154,2826,60,26",
              "text": "The"
            },
            {
              "boundingBox": "229,2826,93,26",
              "text": "Pulse"
            },
            {
              "boundingBox": "338,2826,91,26",
              "text": "Point"
            },
            {
              "boundingBox": "444,2826,92,26",
              "text": "Balm"
            },
            {
              "boundingBox": "553,2826,116,26",
              "text": "Starter"
            },
            {
              "boundingBox": "685,2826,50,26",
              "text": "Set"
            },
            {
              "boundingBox": "750,2826,141,26",
              "text": "includes"
            },
            {
              "boundingBox": "909,2826,36,27",
              "text": "12"
            },
            {
              "boundingBox": "955,2826,108,35",
              "text": "pieces"
            },
            {
              "boundingBox": "1079,2826,76,26",
              "text": "each"
            },
            {
              "boundingBox": "1172,2826,37,35",
              "text": "of"
            },
            {
              "boundingBox": "1219,2826,18,26",
              "text": "4"
            }
          ]
        },
        {
          "boundingBox": "150,2871,575,35",
          "words": [
            {
              "boundingBox": "150,2871,103,35",
              "text": "styles,"
            },
            {
              "boundingBox": "266,2871,18,26",
              "text": "4"
            },
            {
              "boundingBox": "294,2875,111,22",
              "text": "testers"
            },
            {
              "boundingBox": "415,2871,64,26",
              "text": "and"
            },
            {
              "boundingBox": "487,2880,20,17",
              "text": "a"
            },
            {
              "boundingBox": "516,2871,122,35",
              "text": "display"
            },
            {
              "boundingBox": "649,2871,76,35",
              "text": "sign."
            }
          ]
        },
        {
          "boundingBox": "790,3021,443,25",
          "words": [
            {
              "boundingBox": "790,3021,84,25",
              "text": "Pulse"
            },
            {
              "boundingBox": "887,3021,80,25",
              "text": "Point"
            },
            {
              "boundingBox": "978,3021,78,24",
              "text": "Balm"
            },
            {
              "boundingBox": "1067,3021,107,25",
              "text": "Starter"
            },
            {
              "boundingBox": "1183,3021,50,25",
              "text": "Set"
            }
          ]
        },
        {
          "boundingBox": "1137,3062,90,25",
          "words": [
            {
              "boundingBox": "1137,3062,90,25",
              "text": "36006"
            }
          ]
        },
        {
          "boundingBox": "1169,3097,59,25",
          "words": [
            {
              "boundingBox": "1169,3097,59,25",
              "text": "$220"
            }
          ]
        },
        {
          "boundingBox": "788,3100,12,19",
          "words": [
            {
              "boundingBox": "788,3100,12,19",
              "text": "8"
            }
          ]
        },
        {
          "boundingBox": "846,3100,250,19",
          "words": [
            {
              "boundingBox": "846,3100,83,19",
              "text": "11615"
            },
            {
              "boundingBox": "953,3100,87,19",
              "text": "01360"
            },
            {
              "boundingBox": "1083,3100,13,19",
              "text": "2"
            }
          ]
        },
        {
          "boundingBox": "153,3195,484,39",
          "words": [
            {
              "boundingBox": "153,3195,484,39",
              "text": "hydraAromatherapy.com"
            }
          ]
        }
      ]
    },
    {
      "boundingBox": "1733,2362,87,21",
      "lines": [
        {
          "boundingBox": "1733,2362,87,21",
          "words": [
            {
              "boundingBox": "1733,2362,87,21",
              "text": "BUSTER"
            }
          ]
        }
      ]
    },
    {
      "boundingBox": "1934,2056,209,336",
      "lines": [
        {
          "boundingBox": "2062,2056,81,21",
          "words": [
            {
              "boundingBox": "2062,2056,81,21",
              "text": "&usrtR"
            }
          ]
        },
        {
          "boundingBox": "1934,2368,173,24",
          "words": [
            {
              "boundingBox": "1934,2368,173,24",
              "text": "SIRESSSuS7ER"
            }
          ]
        }
      ]
    },
    {
      "boundingBox": "1795,2722,225,30",
      "lines": [
        {
          "boundingBox": "1795,2722,225,30",
          "words": [
            {
              "boundingBox": "1795,2722,72,27",
              "text": "puese"
            },
            {
              "boundingBox": "1876,2722,69,30",
              "text": "point"
            },
            {
              "boundingBox": "1954,2722,66,24",
              "text": "balm"
            }
          ]
        }
      ]
    }
  ]
}