{
  "language": "en",
  "orientation": "Up",
  "textAngle": 0.0,
  "regions": [
    {
      "boundingBox": "157,238,1412,116",
      "lines": [
        {
          "boundingBox": "157,238,1412,116",
          "words": [
            {
              "boundingBox": "157,238,421,88",
              "text": "Shower"
            },
            {
              "boundingBox": "611,239,372,87",
              "text": "Bursts"
            },
            {
              "boundingBox": "1018,238,137,116",
              "text": "by"
            },
            {
              "boundingBox": "1189,239,177,87",
              "text": "the"
            },
            {
              "boundingBox": "1382,240,187,113",
              "text": "Jar"
            }
          ]
        }
      ]
    },
    {
      "boundingBox": "150,388,1170,493",
      "lines": [
        {
          "boundingBox": "150,388,1170,47",
          "words": [
            {
              "boundingBox": "150,388,110,35",
              "text": "Each"
            },
            {
              "boundingBox": "268,388,117,47",
              "text": "glass"
            },
            {
              "boundingBox": "398,388,162,47",
              "text": "display"
            },
            {
              "boundingBox": "566,388,74,47",
              "text": "jar"
            },
            {
              "boundingBox": "652,401,142,22",
              "text": "contes"
            },
            {
              "boundingBox": "808,388,101,35",
              "text": "with"
            },
            {
              "boundingBox": "922,389,50,34",
              "text": "48"
            },
            {
              "boundingBox": "986,388,168,35",
              "text": "Shower"
            },
            {
              "boundingBox": "1165,388,155,43",
              "text": "Bursts,"
            }
          ]
        },
        {
          "boundingBox": "152,448,848,36",
          "words": [
            {
              "boundingBox": "152,449,48,35",
              "text": "12"
            },
            {
              "boundingBox": "218,448,124,35",
              "text": "White"
            },
            {
              "boundingBox": "357,448,167,35",
              "text": "Sachets"
            },
            {
              "boundingBox": "537,448,86,35",
              "text": "and"
            },
            {
              "boundingBox": "634,461,26,22",
              "text": "a"
            },
            {
              "boundingBox": "672,448,164,35",
              "text": "How-to"
            },
            {
              "boundingBox": "855,448,145,35",
              "text": "Tablet."
            }
          ]
        },
        {
          "boundingBox": "156,607,974,86",
          "words": [
            {
              "boundingBox": "156,607,63,63",
              "text": "A"
            },
            {
              "boundingBox": "243,607,140,65",
              "text": "full"
            },
            {
              "boundingBox": "398,607,129,86",
              "text": "jar"
            },
            {
              "boundingBox": "550,607,69,65",
              "text": "is"
            },
            {
              "boundingBox": "648,631,46,40",
              "text": "a"
            },
            {
              "boundingBox": "717,607,258,86",
              "text": "happy"
            },
            {
              "boundingBox": "990,607,140,86",
              "text": "jar."
            }
          ]
        },
        {
          "boundingBox": "156,714,1050,47",
          "words": [
            {
              "boundingBox": "156,714,35,35",
              "text": "A"
            },
            {
              "boundingBox": "200,714,63,36",
              "text": "full"
            },
            {
              "boundingBox": "267,714,61,47",
              "text": "jar"
            },
            {
              "boundingBox": "339,714,43,36",
              "text": "of"
            },
            {
              "boundingBox": "395,714,150,36",
              "text": "Shower"
            },
            {
              "boundingBox": "555,715,122,35",
              "text": "Bursts"
            },
            {
              "boundingBox": "689,714,116,36",
              "text": "draws"
            },
            {
              "boundingBox": "815,714,132,47",
              "text": "people"
            },
            {
              "boundingBox": "959,714,48,36",
              "text": "in."
            },
            {
              "boundingBox": "1021,714,105,47",
              "text": "They"
            },
            {
              "boundingBox": "1135,714,71,36",
              "text": "will"
            }
          ]
        },
        {
          "boundingBox": "156,774,1047,47",
          "words": [
            {
              "boundingBox": "156,782,99,28",
              "text": "want"
            },
            {
              "boundingBox": "272,782,38,28",
              "text": "to"
            },
            {
              "boundingBox": "328,774,53,36",
              "text": "lift"
            },
            {
              "boundingBox": "399,774,61,36",
              "text": "the"
            },
            {
              "boundingBox": "478,774,51,36",
              "text": "lid"
            },
            {
              "boundingBox": "547,774,75,36",
              "text": "and"
            },
            {
              "boundingBox": "641,774,101,36",
              "text": "smell"
            },
            {
              "boundingBox": "760,774,61,36",
              "text": "the"
            },
            {
              "boundingBox": "841,774,170,47",
              "text": "amazing"
            },
            {
              "boundingBox": "1029,782,174,28",
              "text": "contents,"
            }
          ]
        },
        {
          "boundingBox": "157,834,670,47",
          "words": [
            {
              "boundingBox": "157,834,120,36",
              "text": "Refills"
            },
            {
              "boundingBox": "292,847,69,23",
              "text": "can"
            },
            {
              "boundingBox": "375,834,46,36",
              "text": "be"
            },
            {
              "boundingBox": "435,834,117,36",
              "text": "found"
            },
            {
              "boundingBox": "566,847,49,23",
              "text": "on"
            },
            {
              "boundingBox": "628,847,111,34",
              "text": "pages"
            },
            {
              "boundingBox": "754,835,73,35",
              "text": "6-7."
            }
          ]
        }
      ]
    },
    {
      "boundingBox": "1552,568,605,315",
      "lines": [
        {
          "boundingBox": "1552,568,102,18",
          "words": [
            {
              "boundingBox": "1552,568,27,18",
              "text": "seg"
            },
            {
              "boundingBox": "1621,568,33,15",
              "text": "W.'"
            }
          ]
        },
        {
          "boundingBox": "1836,732,270,58",
          "words": [
            {
              "boundingBox": "1836,732,270,58",
              "text": ".JRHOWER"
            }
          ]
        },
        {
          "boundingBox": "2008,799,149,39",
          "words": [
            {
              "boundingBox": "2008,799,149,39",
              "text": "Relax"
            }
          ]
        },
        {
          "boundingBox": "1996,862,95,21",
          "words": [
            {
              "boundingBox": "1996,862,65,18",
              "text": "ender"
            },
            {
              "boundingBox": "2067,862,24,21",
              "text": "&"
            }
          ]
        }
      ]
    },
    {
      "boundingBox": "154,1509,247,110",
      "lines": [
        {
          "boundingBox": "154,1509,196,36",
          "words": [
            {
              "boundingBox": "154,1509,196,36",
              "text": "Eucalyptus"
            }
          ]
        },
        {
          "boundingBox": "209,1600,192,19",
          "words": [
            {
              "boundingBox": "209,1600,83,19",
              "text": "11615"
            },
            {
              "boundingBox": "316,1600,85,19",
              "text": "01681"
            }
          ]
        }
      ]
    },
    {
      "boundingBox": "445,1550,155,75",
      "lines": [
        {
          "boundingBox": "525,1550,71,21",
          "words": [
            {
              "boundingBox": "525,1550,71,21",
              "text": "65401"
            }
          ]
        },
        {
          "boundingBox": "549,1577,50,21",
          "words": [
            {
              "boundingBox": "549,1577,50,21",
              "text": "$135"
            }
          ]
        },
        {
          "boundingBox": "445,1600,155,25",
          "words": [
            {
              "boundingBox": "445,1600,13,19",
              "text": "8"
            },
            {
              "boundingBox": "489,1603,36,21",
              "text": "Jar,"
            },
            {
              "boundingBox": "532,1603,25,18",
              "text": "48"
            },
            {
              "boundingBox": "565,1607,35,18",
              "text": "pcs"
            }
          ]
        }
      ]
    },
    {
      "boundingBox": "753,1509,248,110",
      "lines": [
        {
          "boundingBox": "753,1509,180,35",
          "words": [
            {
              "boundingBox": "753,1509,180,35",
              "text": "Grapefruit"
            }
          ]
        },
        {
          "boundingBox": "809,1600,192,19",
          "words": [
            {
              "boundingBox": "809,1600,83,19",
              "text": "11615"
            },
            {
              "boundingBox": "916,1600,85,19",
              "text": "01682"
            }
          ]
        }
      ]
    },
    {
      "boundingBox": "1046,1601,12,18",
      "lines": [
        {
          "boundingBox": "1046,1601,12,18",
          "words": [
            {
              "boundingBox": "1046,1601,12,18",
              "text": "5"
            }
          ]
        }
      ]
    },
    {
      "boundingBox": "1091,1550,110,75",
      "lines": [
        {
          "boundingBox": "1127,1550,74,21",
          "words": [
            {
              "boundingBox": "1127,1550,74,21",
              "text": "65402"
            }
          ]
        },
        {
          "boundingBox": "1151,1577,50,21",
          "words": [
            {
              "boundingBox": "1151,1577,50,21",
              "text": "$135"
            }
          ]
        },
        {
          "boundingBox": "1091,1603,110,22",
          "words": [
            {
              "boundingBox": "1091,1603,36,21",
              "text": "Jar,"
            },
            {
              "boundingBox": "1134,1603,25,18",
              "text": "48"
            },
            {
              "boundingBox": "1167,1607,34,18",
              "text": "pcs"
            }
          ]
        }
      ]
    },
    {
      "boundingBox": "1354,1509,247,110",
      "lines": [
        {
          "boundingBox": "1354,1509,166,28",
          "words": [
            {
              "boundingBox": "1354,1509,166,28",
              "text": "Lavender"
            }
          ]
        },
        {
          "boundingBox": "1409,1600,192,19",
          "words": [
            {
              "boundingBox": "1409,1600,83,19",
              "text": "11615"
            },
            {
              "boundingBox": "1516,1600,85,19",
              "text": "01683"
            }
          ]
        }
      ]
    },
    {
      "boundingBox": "1645,1600,13,19",
      "lines": [
        {
          "boundingBox": "1645,1600,13,19",
          "words": [
            {
              "boundingBox": "1645,1600,13,19",
              "text": "2"
            }
          ]
        }
      ]
    },
    {
      "boundingBox": "1689,1550,111,75",
      "lines": [
        {
          "boundingBox": "1725,1550,74,21",
          "words": [
            {
              "boundingBox": "1725,1550,74,21",
              "text": "65403"
            }
          ]
        },
        {
          "boundingBox": "1749,1577,50,21",
          "words": [
            {
              "boundingBox": "1749,1577,50,21",
              "text": "$135"
            }
          ]
        },
        {
          "boundingBox": "1689,1603,111,22",
          "words": [
            {
              "boundingBox": "1689,1603,36,21",
              "text": "Jar,"
            },
            {
              "boundingBox": "1732,1603,25,18",
              "text": "48"
            },
            {
              "boundingBox": "1765,1607,35,18",
              "text": "pcs"
            }
          ]
        }
      ]
    },
    {
      "boundingBox": "1954,1509,248,110",
      "lines": [
        {
          "boundingBox": "1954,1509,219,36",
          "words": [
            {
              "boundingBox": "1954,1509,219,36",
              "text": "Lemongrass"
            }
          ]
        },
        {
          "boundingBox": "2009,1600,193,19",
          "words": [
            {
              "boundingBox": "2009,1600,83,19",
              "text": "11615"
            },
            {
              "boundingBox": "2116,1600,86,19",
              "text": "01684"
            }
          ]
        }
      ]
    },
    {
      "boundingBox": "2245,1550,155,75",
      "lines": [
        {
          "boundingBox": "2325,1550,74,21",
          "words": [
            {
              "boundingBox": "2325,1550,74,21",
              "text": "65404"
            }
          ]
        },
        {
          "boundingBox": "2349,1577,50,21",
          "words": [
            {
              "boundingBox": "2349,1577,50,21",
              "text": "$135"
            }
          ]
        },
        {
          "boundingBox": "2245,1600,155,25",
          "words": [
            {
              "boundingBox": "2245,1600,13,19",
              "text": "9"
            },
            {
              "boundingBox": "2289,1603,36,21",
              "text": "Jar,"
            },
            {
              "boundingBox": "2332,1603,25,18",
              "text": "48"
            },
            {
              "boundingBox": "2365,1607,35,18",
              "text": "pcs"
            }
          ]
        }
      ]
    },
    {
      "boundingBox": "152,2135,448,240",
      "lines": [
        {
          "boundingBox": "254,2135,251,30",
          "words": [
            {
              "boundingBox": "254,2135,143,30",
              "text": "SHOWER"
            },
            {
              "boundingBox": "406,2135,99,30",
              "text": "BURST"
            }
          ]
        },
        {
          "boundingBox": "290,2174,182,29",
          "words": [
            {
              "boundingBox": "290,2174,57,29",
              "text": "*Why"
            },
            {
              "boundingBox": "352,2177,120,26",
              "text": "Grapefruit"
            }
          ]
        },
        {
          "boundingBox": "152,2261,283,37",
          "words": [
            {
              "boundingBox": "152,2262,92,36",
              "text": "Ruby"
            },
            {
              "boundingBox": "255,2261,180,36",
              "text": "Grapefruit"
            }
          ]
        },
        {
          "boundingBox": "525,2300,75,21",
          "words": [
            {
              "boundingBox": "525,2300,75,21",
              "text": "65760"
            }
          ]
        },
        {
          "boundingBox": "549,2327,50,21",
          "words": [
            {
              "boundingBox": "549,2327,50,21",
              "text": "$135"
            }
          ]
        },
        {
          "boundingBox": "329,2352,66,17",
          "words": [
            {
              "boundingBox": "329,2352,66,17",
              "text": "01676"
            }
          ]
        },
        {
          "boundingBox": "446,2352,154,23",
          "words": [
            {
              "boundingBox": "446,2352,12,16",
              "text": "4"
            },
            {
              "boundingBox": "489,2353,36,21",
              "text": "Jar,"
            },
            {
              "boundingBox": "532,2353,25,18",
              "text": "48"
            },
            {
              "boundingBox": "565,2357,35,18",
              "text": "pcs"
            }
          ]
        }
      ]
    },
    {
      "boundingBox": "856,2130,249,69",
      "lines": [
        {
          "boundingBox": "856,2130,249,27",
          "words": [
            {
              "boundingBox": "856,2130,144,27",
              "text": "SHOWER"
            },
            {
              "boundingBox": "1006,2130,99,27",
              "text": "BURST"
            }
          ]
        },
        {
          "boundingBox": "910,2169,63,30",
          "words": [
            {
              "boundingBox": "910,2169,63,30",
              "text": "Zesty"
            }
          ]
        }
      ]
    },
    {
      "boundingBox": "1352,2135,350,163",
      "lines": [
        {
          "boundingBox": "1453,2135,249,30",
          "words": [
            {
              "boundingBox": "1453,2135,141,30",
              "text": "SHOWER"
            },
            {
              "boundingBox": "1603,2138,99,27",
              "text": "BURST"
            }
          ]
        },
        {
          "boundingBox": "1528,2177,42,29",
          "words": [
            {
              "boundingBox": "1528,2177,42,29",
              "text": "Key"
            }
          ]
        },
        {
          "boundingBox": "1352,2262,163,36",
          "words": [
            {
              "boundingBox": "1352,2262,67,36",
              "text": "Key"
            },
            {
              "boundingBox": "1431,2262,84,28",
              "text": "Lime"
            }
          ]
        }
      ]
    },
    {
      "boundingBox": "2050,2130,249,30",
      "lines": [
        {
          "boundingBox": "2050,2130,249,30",
          "words": [
            {
              "boundingBox": "2050,2130,141,30",
              "text": "SHOWER"
            },
            {
              "boundingBox": "2200,2133,99,27",
              "text": "BURST"
            }
          ]
        }
      ]
    },
    {
      "boundingBox": "750,2262,243,108",
      "lines": [
        {
          "boundingBox": "750,2262,229,36",
          "words": [
            {
              "boundingBox": "750,2262,98,36",
              "text": "Zesty"
            },
            {
              "boundingBox": "860,2262,119,28",
              "text": "Lemon"
            }
          ]
        },
        {
          "boundingBox": "927,2352,66,18",
          "words": [
            {
              "boundingBox": "927,2352,66,18",
              "text": "01677"
            }
          ]
        }
      ]
    },
    {
      "boundingBox": "1089,2300,111,75",
      "lines": [
        {
          "boundingBox": "1125,2300,75,21",
          "words": [
            {
              "boundingBox": "1125,2300,75,21",
              "text": "65770"
            }
          ]
        },
        {
          "boundingBox": "1149,2327,50,21",
          "words": [
            {
              "boundingBox": "1149,2327,50,21",
              "text": "$135"
            }
          ]
        },
        {
          "boundingBox": "1089,2353,111,22",
          "words": [
            {
              "boundingBox": "1089,2353,36,21",
              "text": "Jar,"
            },
            {
              "boundingBox": "1132,2353,25,18",
              "text": "48"
            },
            {
              "boundingBox": "1165,2357,35,18",
              "text": "pcs"
            }
          ]
        }
      ]
    },
    {
      "boundingBox": "1527,2352,66,18",
      "lines": [
        {
          "boundingBox": "1527,2352,66,18",
          "words": [
            {
              "boundingBox": "1527,2352,66,18",
              "text": "01678"
            }
          ]
        }
      ]
    },
    {
      "boundingBox": "1644,2352,12,18",
      "lines": [
        {
          "boundingBox": "1644,2352,12,18",
          "words": [
            {
              "boundingBox": "1644,2352,12,18",
              "text": "8"
            }
          ]
        }
      ]
    },
    {
      "boundingBox": "1689,2300,110,75",
      "lines": [
        {
          "boundingBox": "1724,2300,75,21",
          "words": [
            {
              "boundingBox": "1724,2300,75,21",
              "text": "65780"
            }
          ]
        },
        {
          "boundingBox": "1748,2327,51,21",
          "words": [
            {
              "boundingBox": "1748,2327,51,21",
              "text": "$135"
            }
          ]
        },
        {
          "boundingBox": "1689,2353,110,22",
          "words": [
            {
              "boundingBox": "1689,2353,35,21",
              "text": "Jar,"
            },
            {
              "boundingBox": "1732,2353,25,18",
              "text": "48"
            },
            {
              "boundingBox": "1765,2357,34,18",
              "text": "pcs"
            }
          ]
        }
      ]
    },
    {
      "boundingBox": "1952,2262,263,108",
      "lines": [
        {
          "boundingBox": "1952,2262,263,36",
          "words": [
            {
              "boundingBox": "1952,2262,122,28",
              "text": "Florida"
            },
            {
              "boundingBox": "2086,2262,129,36",
              "text": "Orange"
            }
          ]
        },
        {
          "boundingBox": "2127,2352,66,18",
          "words": [
            {
              "boundingBox": "2127,2352,66,18",
              "text": "01679"
            }
          ]
        }
      ]
    },
    {
      "boundingBox": "2244,2300,156,75",
      "lines": [
        {
          "boundingBox": "2325,2300,75,21",
          "words": [
            {
              "boundingBox": "2325,2300,75,21",
              "text": "65790"
            }
          ]
        },
        {
          "boundingBox": "2349,2327,50,21",
          "words": [
            {
              "boundingBox": "2349,2327,50,21",
              "text": "$135"
            }
          ]
        },
        {
          "boundingBox": "2244,2352,156,23",
          "words": [
            {
              "boundingBox": "2244,2352,12,18",
              "text": "5"
            },
            {
              "boundingBox": "2289,2353,36,21",
              "text": "Jar,"
            },
            {
              "boundingBox": "2332,2353,25,18",
              "text": "48"
            },
            {
              "boundingBox": "2365,2357,35,18",
              "text": "pcs"
            }
          ]
        }
      ]
    },
    {
      "boundingBox": "188,2580,2079,425",
      "lines": [
        {
          "boundingBox": "258,2580,1203,94",
          "words": [
            {
              "boundingBox": "258,2580,347,70",
              "text": "What:is"
            },
            {
              "boundingBox": "634,2581,827,93",
              "text": "Arornatherapy?_—"
            }
          ]
        },
        {
          "boundingBox": "257,2708,2009,48",
          "words": [
            {
              "boundingBox": "257,2709,337,47",
              "text": "Aromatherapy"
            },
            {
              "boundingBox": "602,2708,38,36",
              "text": "is"
            },
            {
              "boundingBox": "651,2722,26,22",
              "text": "a"
            },
            {
              "boundingBox": "685,2709,187,46",
              "text": "practice"
            },
            {
              "boundingBox": "882,2709,92,35",
              "text": "that"
            },
            {
              "boundingBox": "983,2709,78,35",
              "text": "has"
            },
            {
              "boundingBox": "1071,2709,110,35",
              "text": "been"
            },
            {
              "boundingBox": "1192,2709,165,35",
              "text": "around"
            },
            {
              "boundingBox": "1366,2709,67,35",
              "text": "for"
            },
            {
              "boundingBox": "1441,2722,121,22",
              "text": "more"
            },
            {
              "boundingBox": "1573,2709,103,35",
              "text": "than"
            },
            {
              "boundingBox": "1687,2710,97,34",
              "text": "6000"
            },
            {
              "boundingBox": "1794,2722,133,34",
              "text": "years."
            },
            {
              "boundingBox": "1939,2710,36,34",
              "text": "It"
            },
            {
              "boundingBox": "1984,2722,102,22",
              "text": "uses"
            },
            {
              "boundingBox": "2096,2709,170,35",
              "text": "volatile"
            }
          ]
        },
        {
          "boundingBox": "257,2770,2007,48",
          "words": [
            {
              "boundingBox": "257,2772,121,46",
              "text": "plant"
            },
            {
              "boundingBox": "398,2771,92,44",
              "text": "oils,"
            },
            {
              "boundingBox": "510,2771,218,47",
              "text": "including"
            },
            {
              "boundingBox": "748,2770,203,37",
              "text": "essential"
            },
            {
              "boundingBox": "971,2771,92,44",
              "text": "oils,"
            },
            {
              "boundingBox": "1083,2779,45,28",
              "text": "to"
            },
            {
              "boundingBox": "1145,2779,210,39",
              "text": "promote"
            },
            {
              "boundingBox": "1366,2771,314,47",
              "text": "psychological"
            },
            {
              "boundingBox": "1700,2772,85,35",
              "text": "and"
            },
            {
              "boundingBox": "1804,2771,191,47",
              "text": "physical"
            },
            {
              "boundingBox": "2014,2771,250,47",
              "text": "well-being."
            }
          ]
        },
        {
          "boundingBox": "258,2834,2008,46",
          "words": [
            {
              "boundingBox": "258,2834,211,35",
              "text": "Essential"
            },
            {
              "boundingBox": "489,2834,92,44",
              "text": "oils,"
            },
            {
              "boundingBox": "600,2834,72,35",
              "text": "the"
            },
            {
              "boundingBox": "691,2847,106,33",
              "text": "pure"
            },
            {
              "boundingBox": "818,2847,175,22",
              "text": "essence"
            },
            {
              "boundingBox": "1014,2834,49,35",
              "text": "of"
            },
            {
              "boundingBox": "1083,2847,25,22",
              "text": "a"
            },
            {
              "boundingBox": "1126,2834,142,46",
              "text": "plant/"
            },
            {
              "boundingBox": "1278,2834,105,35",
              "text": "have"
            },
            {
              "boundingBox": "1402,2834,111,35",
              "text": "been"
            },
            {
              "boundingBox": "1531,2834,134,35",
              "text": "found"
            },
            {
              "boundingBox": "1683,2841,45,28",
              "text": "to"
            },
            {
              "boundingBox": "1747,2834,176,46",
              "text": "provide"
            },
            {
              "boundingBox": "1942,2834,121,35",
              "text": "these"
            },
            {
              "boundingBox": "2082,2834,184,35",
              "text": "benefits"
            }
          ]
        },
        {
          "boundingBox": "188,2896,2079,48",
          "words": [
            {
              "boundingBox": "188,2897,315,41",
              "text": "—ewhen-used"
            },
            {
              "boundingBox": "516,2897,216,46",
              "text": "correctly"
            },
            {
              "boundingBox": "745,2896,134,48",
              "text": "safely"
            },
            {
              "boundingBox": "893,2897,85,35",
              "text": "and"
            },
            {
              "boundingBox": "988,2896,287,47",
              "text": "consistently,"
            },
            {
              "boundingBox": "1302,2897,68,35",
              "text": "We"
            },
            {
              "boundingBox": "1386,2897,97,46",
              "text": "only"
            },
            {
              "boundingBox": "1496,2909,78,23",
              "text": "use"
            },
            {
              "boundingBox": "1587,2897,72,35",
              "text": "the"
            },
            {
              "boundingBox": "1672,2897,118,35",
              "text": "word"
            },
            {
              "boundingBox": "1804,2897,327,46",
              "text": "aromatherapy"
            },
            {
              "boundingBox": "2143,2897,124,35",
              "text": "when"
            }
          ]
        },
        {
          "boundingBox": "526,2959,517,46",
          "words": [
            {
              "boundingBox": "526,2972,107,33",
              "text": "pure"
            },
            {
              "boundingBox": "640,2959,210,35",
              "text": "essential"
            },
            {
              "boundingBox": "863,2959,180,42",
              "text": "oils,___—"
            }
          ]
        }
      ]
    }
  ]
}