{
  "language": "en",
  "orientation": "Up",
  "textAngle": 0.0,
  "regions": [
    {
      "boundingBox": "2436,198,19,22",
      "lines": [
        {
          "boundingBox": "2436,198,19,22",
          "words": [
            {
              "boundingBox": "2436,198,19,22",
              "text": ".4"
            }
          ]
        }
      ]
    },
    {
      "boundingBox": "150,262,2119,1566",
      "lines": [
        {
          "boundingBox": "322,262,69,30",
          "words": [
            {
              "boundingBox": "322,262,69,30",
              "text": "fritdra"
            }
          ]
        },
        {
          "boundingBox": "150,719,2113,71",
          "words": [
            {
              "boundingBox": "150,719,212,71",
              "text": "Bright"
            },
            {
              "boundingBox": "381,719,129,53",
              "text": "and"
            },
            {
              "boundingBox": "528,719,264,71",
              "text": "colorful"
            },
            {
              "boundingBox": "810,719,152,53",
              "text": "with"
            },
            {
              "boundingBox": "983,719,225,53",
              "text": "classic"
            },
            {
              "boundingBox": "1229,719,482,71",
              "text": "armnatherapy"
            },
            {
              "boundingBox": "1736,719,234,66",
              "text": "blends,"
            },
            {
              "boundingBox": "1997,739,118,33",
              "text": "our"
            },
            {
              "boundingBox": "2134,728,129,61",
              "text": "top-"
            }
          ]
        },
        {
          "boundingBox": "150,810,2119,71",
          "words": [
            {
              "boundingBox": "150,810,224,71",
              "text": "selling"
            },
            {
              "boundingBox": "395,810,321,71",
              "text": "Signature"
            },
            {
              "boundingBox": "742,810,337,53",
              "text": "Collection"
            },
            {
              "boundingBox": "1081,810,123,71",
              "text": "fits"
            },
            {
              "boundingBox": "1224,810,146,53",
              "text": "well"
            },
            {
              "boundingBox": "1388,810,67,53",
              "text": "in"
            },
            {
              "boundingBox": "1476,830,119,51",
              "text": "any"
            },
            {
              "boundingBox": "1617,810,184,53",
              "text": "retail"
            },
            {
              "boundingBox": "1819,810,450,53",
              "text": "environrnent,"
            }
          ]
        },
        {
          "boundingBox": "155,1011,590,67",
          "words": [
            {
              "boundingBox": "155,1011,323,67",
              "text": "Shower"
            },
            {
              "boundingBox": "503,1011,242,67",
              "text": "Burst"
            }
          ]
        },
        {
          "boundingBox": "152,1118,1083,35",
          "words": [
            {
              "boundingBox": "152,1118,112,27",
              "text": "Shower"
            },
            {
              "boundingBox": "274,1118,92,27",
              "text": "Bursts"
            },
            {
              "boundingBox": "377,1118,148,27",
              "text": "transform"
            },
            {
              "boundingBox": "534,1128,70,25",
              "text": "your"
            },
            {
              "boundingBox": "614,1118,106,27",
              "text": "shower"
            },
            {
              "boundingBox": "730,1118,58,27",
              "text": "into"
            },
            {
              "boundingBox": "800,1128,36,17",
              "text": "an"
            },
            {
              "boundingBox": "847,1118,211,35",
              "text": "aromatherapy"
            },
            {
              "boundingBox": "1068,1118,167,35",
              "text": "experience."
            }
          ]
        },
        {
          "boundingBox": "150,1163,1087,35",
          "words": [
            {
              "boundingBox": "150,1163,87,27",
              "text": "Made"
            },
            {
              "boundingBox": "249,1163,66,27",
              "text": "with"
            },
            {
              "boundingBox": "328,1163,154,27",
              "text": "all-natural"
            },
            {
              "boundingBox": "493,1163,165,35",
              "text": "ingredients"
            },
            {
              "boundingBox": "672,1163,56,27",
              "text": "and"
            },
            {
              "boundingBox": "739,1173,68,25",
              "text": "pure"
            },
            {
              "boundingBox": "820,1163,124,27",
              "text": "essential"
            },
            {
              "boundingBox": "956,1163,56,33",
              "text": "oils,"
            },
            {
              "boundingBox": "1026,1163,63,35",
              "text": "they"
            },
            {
              "boundingBox": "1101,1173,46,17",
              "text": "are"
            },
            {
              "boundingBox": "1160,1173,17,17",
              "text": "a"
            },
            {
              "boundingBox": "1188,1163,49,27",
              "text": "fun"
            }
          ]
        },
        {
          "boundingBox": "150,1208,1088,35",
          "words": [
            {
              "boundingBox": "150,1218,60,25",
              "text": "way"
            },
            {
              "boundingBox": "220,1213,28,22",
              "text": "to"
            },
            {
              "boundingBox": "259,1208,81,35",
              "text": "enjoy"
            },
            {
              "boundingBox": "350,1208,210,35",
              "text": "aromatherapy"
            },
            {
              "boundingBox": "570,1218,79,25",
              "text": "every"
            },
            {
              "boundingBox": "659,1208,56,35",
              "text": "day."
            },
            {
              "boundingBox": "727,1208,39,27",
              "text": "To"
            },
            {
              "boundingBox": "777,1218,55,23",
              "text": "use,"
            },
            {
              "boundingBox": "843,1218,114,25",
              "text": "unwrap"
            },
            {
              "boundingBox": "970,1208,112,27",
              "text": "Shower"
            },
            {
              "boundingBox": "1091,1208,81,27",
              "text": "Burst"
            },
            {
              "boundingBox": "1181,1208,57,27",
              "text": "and"
            }
          ]
        },
        {
          "boundingBox": "150,1253,1087,35",
          "words": [
            {
              "boundingBox": "150,1253,78,35",
              "text": "place"
            },
            {
              "boundingBox": "240,1263,37,17",
              "text": "on"
            },
            {
              "boundingBox": "289,1263,17,17",
              "text": "a"
            },
            {
              "boundingBox": "317,1253,61,27",
              "text": "dish"
            },
            {
              "boundingBox": "389,1263,32,17",
              "text": "or"
            },
            {
              "boundingBox": "432,1253,28,26",
              "text": "in"
            },
            {
              "boundingBox": "472,1263,17,17",
              "text": "a"
            },
            {
              "boundingBox": "501,1253,99,27",
              "text": "sachet."
            },
            {
              "boundingBox": "612,1253,61,27",
              "text": "Wet"
            },
            {
              "boundingBox": "683,1253,96,35",
              "text": "briefly"
            },
            {
              "boundingBox": "789,1258,28,22",
              "text": "to"
            },
            {
              "boundingBox": "830,1253,120,27",
              "text": "activate."
            },
            {
              "boundingBox": "964,1253,87,35",
              "text": "Enjoy"
            },
            {
              "boundingBox": "1062,1253,42,27",
              "text": "for"
            },
            {
              "boundingBox": "1115,1253,122,35",
              "text": "multiple"
            }
          ]
        },
        {
          "boundingBox": "151,1298,448,27",
          "words": [
            {
              "boundingBox": "151,1298,117,27",
              "text": "showers"
            },
            {
              "boundingBox": "279,1298,56,27",
              "text": "and"
            },
            {
              "boundingBox": "345,1303,94,22",
              "text": "re-wet"
            },
            {
              "boundingBox": "449,1298,68,27",
              "text": "each"
            },
            {
              "boundingBox": "527,1298,72,27",
              "text": "time,"
            }
          ]
        },
        {
          "boundingBox": "154,1362,1080,35",
          "words": [
            {
              "boundingBox": "154,1362,60,26",
              "text": "The"
            },
            {
              "boundingBox": "226,1362,127,26",
              "text": "Shower"
            },
            {
              "boundingBox": "363,1362,93,26",
              "text": "Burst"
            },
            {
              "boundingBox": "467,1362,116,26",
              "text": "Starter"
            },
            {
              "boundingBox": "595,1362,50,26",
              "text": "Set"
            },
            {
              "boundingBox": "656,1362,140,26",
              "text": "includes"
            },
            {
              "boundingBox": "807,1362,40,26",
              "text": "36"
            },
            {
              "boundingBox": "852,1362,107,35",
              "text": "pieces"
            },
            {
              "boundingBox": "971,1362,76,26",
              "text": "each"
            },
            {
              "boundingBox": "1059,1362,37,35",
              "text": "of"
            },
            {
              "boundingBox": "1101,1362,19,26",
              "text": "4"
            },
            {
              "boundingBox": "1131,1362,103,35",
              "text": "styles,"
            }
          ]
        },
        {
          "boundingBox": "150,1407,1087,35",
          "words": [
            {
              "boundingBox": "150,1407,19,26",
              "text": "4"
            },
            {
              "boundingBox": "178,1407,88,35",
              "text": "glass"
            },
            {
              "boundingBox": "279,1407,122,35",
              "text": "display"
            },
            {
              "boundingBox": "408,1407,72,35",
              "text": "jars"
            },
            {
              "boundingBox": "493,1407,65,26",
              "text": "and"
            },
            {
              "boundingBox": "570,1416,19,17",
              "text": "a"
            },
            {
              "boundingBox": "603,1407,126,26",
              "text": "Shower"
            },
            {
              "boundingBox": "741,1407,93,26",
              "text": "Burst"
            },
            {
              "boundingBox": "847,1407,78,35",
              "text": "Sign."
            },
            {
              "boundingBox": "938,1407,74,26",
              "text": "Also"
            },
            {
              "boundingBox": "1026,1407,146,26",
              "text": "included"
            },
            {
              "boundingBox": "1184,1416,53,17",
              "text": "are"
            }
          ]
        },
        {
          "boundingBox": "150,1452,1023,35",
          "words": [
            {
              "boundingBox": "150,1452,19,27",
              "text": "2"
            },
            {
              "boundingBox": "178,1452,123,26",
              "text": "How-to"
            },
            {
              "boundingBox": "315,1452,126,33",
              "text": "Tablets,"
            },
            {
              "boundingBox": "453,1452,38,27",
              "text": "24"
            },
            {
              "boundingBox": "505,1452,93,26",
              "text": "White"
            },
            {
              "boundingBox": "609,1452,125,26",
              "text": "Sachets"
            },
            {
              "boundingBox": "744,1452,65,26",
              "text": "and"
            },
            {
              "boundingBox": "817,1461,41,17",
              "text": "an"
            },
            {
              "boundingBox": "867,1452,156,26",
              "text": "Essential"
            },
            {
              "boundingBox": "1033,1452,52,26",
              "text": "Oil"
            },
            {
              "boundingBox": "1095,1452,78,35",
              "text": "Sign."
            }
          ]
        },
        {
          "boundingBox": "798,1521,393,25",
          "words": [
            {
              "boundingBox": "798,1521,120,25",
              "text": "Shower"
            },
            {
              "boundingBox": "928,1521,85,25",
              "text": "Burst"
            },
            {
              "boundingBox": "1023,1521,108,25",
              "text": "Starter"
            },
            {
              "boundingBox": "1140,1521,51,25",
              "text": "Set"
            }
          ]
        },
        {
          "boundingBox": "1148,1563,84,25",
          "words": [
            {
              "boundingBox": "1148,1563,84,25",
              "text": "25011"
            }
          ]
        },
        {
          "boundingBox": "1178,1597,59,25",
          "words": [
            {
              "boundingBox": "1178,1597,59,25",
              "text": "$425"
            }
          ]
        },
        {
          "boundingBox": "797,1600,12,19",
          "words": [
            {
              "boundingBox": "797,1600,12,19",
              "text": "8"
            }
          ]
        },
        {
          "boundingBox": "855,1600,250,19",
          "words": [
            {
              "boundingBox": "855,1600,83,19",
              "text": "11615"
            },
            {
              "boundingBox": "962,1600,86,19",
              "text": "01501"
            },
            {
              "boundingBox": "1092,1600,13,19",
              "text": "9"
            }
          ]
        },
        {
          "boundingBox": "152,1761,536,67",
          "words": [
            {
              "boundingBox": "152,1761,349,67",
              "text": "Bathtub"
            },
            {
              "boundingBox": "531,1762,157,66",
              "text": "Tea"
            }
          ]
        }
      ]
    },
    {
      "boundingBox": "150,1868,1088,1366",
      "lines": [
        {
          "boundingBox": "150,1868,1087,33",
          "words": [
            {
              "boundingBox": "150,1868,120,27",
              "text": "Bathtub"
            },
            {
              "boundingBox": "282,1868,67,27",
              "text": "Teas"
            },
            {
              "boundingBox": "361,1878,46,17",
              "text": "are"
            },
            {
              "boundingBox": "418,1868,159,27",
              "text": "handmade"
            },
            {
              "boundingBox": "588,1868,66,27",
              "text": "with"
            },
            {
              "boundingBox": "665,1868,154,27",
              "text": "all-natural"
            },
            {
              "boundingBox": "830,1868,88,33",
              "text": "herbs,"
            },
            {
              "boundingBox": "930,1868,105,27",
              "text": "flowers"
            },
            {
              "boundingBox": "1047,1868,56,27",
              "text": "and"
            },
            {
              "boundingBox": "1114,1868,123,27",
              "text": "essential"
            }
          ]
        },
        {
          "boundingBox": "151,1913,1086,35",
          "words": [
            {
              "boundingBox": "151,1913,56,33",
              "text": "oils,"
            },
            {
              "boundingBox": "219,1913,144,35",
              "text": "providing"
            },
            {
              "boundingBox": "374,1913,35,27",
              "text": "all"
            },
            {
              "boundingBox": "420,1913,46,27",
              "text": "the"
            },
            {
              "boundingBox": "479,1913,169,35",
              "text": "therapeutic"
            },
            {
              "boundingBox": "659,1913,114,27",
              "text": "benefits"
            },
            {
              "boundingBox": "786,1913,33,27",
              "text": "of"
            },
            {
              "boundingBox": "831,1923,37,17",
              "text": "an"
            },
            {
              "boundingBox": "879,1913,96,27",
              "text": "herbal"
            },
            {
              "boundingBox": "986,1913,67,27",
              "text": "bath"
            },
            {
              "boundingBox": "1064,1913,116,27",
              "text": "without"
            },
            {
              "boundingBox": "1191,1913,46,27",
              "text": "the"
            }
          ]
        },
        {
          "boundingBox": "150,1958,1087,35",
          "words": [
            {
              "boundingBox": "150,1968,78,17",
              "text": "mess,"
            },
            {
              "boundingBox": "240,1958,79,35",
              "text": "They"
            },
            {
              "boundingBox": "329,1968,52,17",
              "text": "can"
            },
            {
              "boundingBox": "391,1958,35,27",
              "text": "be"
            },
            {
              "boundingBox": "436,1958,68,27",
              "text": "used"
            },
            {
              "boundingBox": "513,1958,29,26",
              "text": "in"
            },
            {
              "boundingBox": "552,1958,46,27",
              "text": "the"
            },
            {
              "boundingBox": "608,1958,117,27",
              "text": "bathtub"
            },
            {
              "boundingBox": "736,1968,32,17",
              "text": "or"
            },
            {
              "boundingBox": "778,1968,28,17",
              "text": "as"
            },
            {
              "boundingBox": "817,1968,17,17",
              "text": "a"
            },
            {
              "boundingBox": "843,1958,80,27",
              "text": "facial"
            },
            {
              "boundingBox": "933,1963,94,22",
              "text": "steam."
            },
            {
              "boundingBox": "1039,1958,120,27",
              "text": "Bathtub"
            },
            {
              "boundingBox": "1169,1958,68,27",
              "text": "Teas"
            }
          ]
        },
        {
          "boundingBox": "150,2003,1087,35",
          "words": [
            {
              "boundingBox": "150,2003,31,27",
              "text": "fit"
            },
            {
              "boundingBox": "191,2003,88,35",
              "text": "nicely"
            },
            {
              "boundingBox": "289,2003,86,27",
              "text": "inside"
            },
            {
              "boundingBox": "388,2003,33,27",
              "text": "of"
            },
            {
              "boundingBox": "433,2013,17,17",
              "text": "a"
            },
            {
              "boundingBox": "461,2003,122,35",
              "text": "greeting"
            },
            {
              "boundingBox": "594,2003,72,27",
              "text": "card."
            },
            {
              "boundingBox": "680,2003,75,27",
              "text": "Each"
            },
            {
              "boundingBox": "767,2013,61,17",
              "text": "case"
            },
            {
              "boundingBox": "840,2003,33,27",
              "text": "of"
            },
            {
              "boundingBox": "889,2004,31,27",
              "text": "12"
            },
            {
              "boundingBox": "933,2003,120,27",
              "text": "Bathtub"
            },
            {
              "boundingBox": "1065,2003,67,27",
              "text": "Teas"
            },
            {
              "boundingBox": "1145,2013,92,17",
              "text": "comes"
            }
          ]
        },
        {
          "boundingBox": "150,2048,403,35",
          "words": [
            {
              "boundingBox": "150,2048,65,27",
              "text": "with"
            },
            {
              "boundingBox": "226,2058,17,17",
              "text": "a"
            },
            {
              "boundingBox": "253,2048,114,27",
              "text": "colorful"
            },
            {
              "boundingBox": "377,2048,104,35",
              "text": "display"
            },
            {
              "boundingBox": "490,2048,63,27",
              "text": "box."
            }
          ]
        },
        {
          "boundingBox": "154,2112,894,35",
          "words": [
            {
              "boundingBox": "154,2112,60,26",
              "text": "The"
            },
            {
              "boundingBox": "223,2112,131,26",
              "text": "Bathtub"
            },
            {
              "boundingBox": "368,2112,58,26",
              "text": "Tea"
            },
            {
              "boundingBox": "435,2112,150,35",
              "text": "Pre-pack"
            },
            {
              "boundingBox": "594,2112,141,26",
              "text": "includes"
            },
            {
              "boundingBox": "746,2112,36,27",
              "text": "12"
            },
            {
              "boundingBox": "791,2112,76,26",
              "text": "each"
            },
            {
              "boundingBox": "877,2112,38,35",
              "text": "of"
            },
            {
              "boundingBox": "918,2112,18,26",
              "text": "4"
            },
            {
              "boundingBox": "945,2112,103,35",
              "text": "styles."
            }
          ]
        },
        {
          "boundingBox": "797,2271,339,31",
          "words": [
            {
              "boundingBox": "797,2271,124,25",
              "text": "Bathtub"
            },
            {
              "boundingBox": "930,2271,55,25",
              "text": "Tea"
            },
            {
              "boundingBox": "996,2271,140,31",
              "text": "Pre-pack"
            }
          ]
        },
        {
          "boundingBox": "1146,2311,86,25",
          "words": [
            {
              "boundingBox": "1146,2311,86,25",
              "text": "28001"
            }
          ]
        },
        {
          "boundingBox": "855,2346,382,25",
          "words": [
            {
              "boundingBox": "855,2350,83,19",
              "text": "11615"
            },
            {
              "boundingBox": "962,2350,86,19",
              "text": "01801"
            },
            {
              "boundingBox": "1092,2350,13,19",
              "text": "0"
            },
            {
              "boundingBox": "1143,2346,94,25",
              "text": "$11520"
            }
          ]
        },
        {
          "boundingBox": "797,2350,12,19",
          "words": [
            {
              "boundingBox": "797,2350,12,19",
              "text": "8"
            }
          ]
        },
        {
          "boundingBox": "155,2514,751,88",
          "words": [
            {
              "boundingBox": "155,2514,207,67",
              "text": "Shea"
            },
            {
              "boundingBox": "387,2514,280,67",
              "text": "Butter"
            },
            {
              "boundingBox": "695,2514,211,88",
              "text": "Soap"
            }
          ]
        },
        {
          "boundingBox": "152,2621,1085,35",
          "words": [
            {
              "boundingBox": "152,2621,72,27",
              "text": "Shea"
            },
            {
              "boundingBox": "237,2621,94,27",
              "text": "Butter"
            },
            {
              "boundingBox": "345,2621,86,35",
              "text": "Soaps"
            },
            {
              "boundingBox": "445,2631,45,17",
              "text": "are"
            },
            {
              "boundingBox": "503,2621,184,35",
              "text": "triple-milled"
            },
            {
              "boundingBox": "699,2621,29,26",
              "text": "in"
            },
            {
              "boundingBox": "741,2621,46,27",
              "text": "the"
            },
            {
              "boundingBox": "800,2621,103,27",
              "text": "French"
            },
            {
              "boundingBox": "916,2621,138,33",
              "text": "tradition,"
            },
            {
              "boundingBox": "1068,2621,121,35",
              "text": "creating"
            },
            {
              "boundingBox": "1201,2631,36,17",
              "text": "an"
            }
          ]
        },
        {
          "boundingBox": "151,2666,1087,35",
          "words": [
            {
              "boundingBox": "151,2666,128,35",
              "text": "amazing"
            },
            {
              "boundingBox": "287,2666,88,27",
              "text": "lather"
            },
            {
              "boundingBox": "384,2666,56,27",
              "text": "and"
            },
            {
              "boundingBox": "449,2666,175,35",
              "text": "long-lasting"
            },
            {
              "boundingBox": "632,2666,54,27",
              "text": "bar."
            },
            {
              "boundingBox": "698,2666,61,27",
              "text": "The"
            },
            {
              "boundingBox": "770,2666,96,35",
              "text": "gentle,"
            },
            {
              "boundingBox": "877,2666,107,27",
              "text": "natural"
            },
            {
              "boundingBox": "994,2666,165,35",
              "text": "ingredients"
            },
            {
              "boundingBox": "1169,2666,69,27",
              "text": "offer"
            }
          ]
        },
        {
          "boundingBox": "151,2711,1086,35",
          "words": [
            {
              "boundingBox": "151,2711,79,27",
              "text": "relief"
            },
            {
              "boundingBox": "242,2711,43,27",
              "text": "for"
            },
            {
              "boundingBox": "297,2711,77,27",
              "text": "those"
            },
            {
              "boundingBox": "387,2711,66,27",
              "text": "with"
            },
            {
              "boundingBox": "466,2711,122,27",
              "text": "sensitive"
            },
            {
              "boundingBox": "602,2711,58,27",
              "text": "skin"
            },
            {
              "boundingBox": "673,2711,57,27",
              "text": "and"
            },
            {
              "boundingBox": "742,2711,46,27",
              "text": "the"
            },
            {
              "boundingBox": "802,2711,141,35",
              "text": "delightful"
            },
            {
              "boundingBox": "956,2711,123,27",
              "text": "essential"
            },
            {
              "boundingBox": "1093,2711,36,27",
              "text": "oil"
            },
            {
              "boundingBox": "1141,2711,96,27",
              "text": "blends"
            }
          ]
        },
        {
          "boundingBox": "151,2756,724,35",
          "words": [
            {
              "boundingBox": "151,2756,69,27",
              "text": "offer"
            },
            {
              "boundingBox": "229,2766,37,17",
              "text": "an"
            },
            {
              "boundingBox": "276,2756,211,35",
              "text": "aromatherapy"
            },
            {
              "boundingBox": "496,2756,160,35",
              "text": "experience"
            },
            {
              "boundingBox": "666,2756,66,27",
              "text": "with"
            },
            {
              "boundingBox": "743,2756,68,27",
              "text": "each"
            },
            {
              "boundingBox": "821,2766,54,17",
              "text": "use."
            }
          ]
        },
        {
          "boundingBox": "154,2820,958,35",
          "words": [
            {
              "boundingBox": "154,2820,60,26",
              "text": "The"
            },
            {
              "boundingBox": "224,2820,79,26",
              "text": "Shea"
            },
            {
              "boundingBox": "312,2820,106,26",
              "text": "Butter"
            },
            {
              "boundingBox": "427,2820,80,35",
              "text": "Soap"
            },
            {
              "boundingBox": "517,2820,150,35",
              "text": "Pre-pack"
            },
            {
              "boundingBox": "676,2820,141,26",
              "text": "includes"
            },
            {
              "boundingBox": "828,2820,19,26",
              "text": "6"
            },
            {
              "boundingBox": "855,2820,76,26",
              "text": "each"
            },
            {
              "boundingBox": "941,2820,37,35",
              "text": "of"
            },
            {
              "boundingBox": "981,2820,19,26",
              "text": "4"
            },
            {
              "boundingBox": "1009,2820,103,35",
              "text": "styles."
            }
          ]
        },
        {
          "boundingBox": "157,2910,890,62",
          "words": [
            {
              "boundingBox": "157,2910,396,61",
              "text": "Triple-milled"
            },
            {
              "boundingBox": "568,2910,114,47",
              "text": "and"
            },
            {
              "boundingBox": "698,2910,349,62",
              "text": "long-lasting"
            }
          ]
        },
        {
          "boundingBox": "786,3018,427,31",
          "words": [
            {
              "boundingBox": "786,3018,78,25",
              "text": "Shea"
            },
            {
              "boundingBox": "875,3018,98,25",
              "text": "Buter"
            },
            {
              "boundingBox": "982,3018,80,31",
              "text": "Soap"
            },
            {
              "boundingBox": "1074,3018,139,31",
              "text": "Pre-pack"
            }
          ]
        },
        {
          "boundingBox": "1137,3062,84,25",
          "words": [
            {
              "boundingBox": "1137,3062,84,25",
              "text": "10001"
            }
          ]
        },
        {
          "boundingBox": "1183,3097,43,25",
          "words": [
            {
              "boundingBox": "1183,3097,43,25",
              "text": "$96"
            }
          ]
        },
        {
          "boundingBox": "785,3100,12,19",
          "words": [
            {
              "boundingBox": "785,3100,12,19",
              "text": "8"
            }
          ]
        },
        {
          "boundingBox": "843,3100,250,19",
          "words": [
            {
              "boundingBox": "843,3100,83,19",
              "text": "11615"
            },
            {
              "boundingBox": "950,3100,13,19",
              "text": "0"
            },
            {
              "boundingBox": "971,3100,66,19",
              "text": "1100"
            },
            {
              "boundingBox": "1080,3101,13,18",
              "text": "4"
            }
          ]
        },
        {
          "boundingBox": "153,3195,484,39",
          "words": [
            {
              "boundingBox": "153,3195,484,39",
              "text": "hydraAromatherapy.com"
            }
          ]
        }
      ]
    },
    {
      "boundingBox": "1450,2777,291,200",
      "lines": [
        {
          "boundingBox": "1642,2777,99,32",
          "words": [
            {
              "boundingBox": "1642,2777,99,32",
              "text": "Relax"
            }
          ]
        },
        {
          "boundingBox": "1450,2941,133,36",
          "words": [
            {
              "boundingBox": "1450,2941,133,36",
              "text": "Refresh"
            }
          ]
        }
      ]
    },
    {
      "boundingBox": "1980,2780,126,32",
      "lines": [
        {
          "boundingBox": "1980,2780,126,32",
          "words": [
            {
              "boundingBox": "1980,2780,126,32",
              "text": "Claritv"
            }
          ]
        }
      ]
    },
    {
      "boundingBox": "2136,2950,140,42",
      "lines": [
        {
          "boundingBox": "2136,2950,140,42",
          "words": [
            {
              "boundingBox": "2136,2950,6,30",
              "text": "I"
            },
            {
              "boundingBox": "2145,2950,131,42",
              "text": "lealing"
            }
          ]
        }
      ]
    }
  ]
}