{
  "language": "en",
  "orientation": "Up",
  "textAngle": 0.0,
  "regions": [
    {
      "boundingBox": "150,339,2242,542",
      "lines": [
        {
          "boundingBox": "863,339,176,27",
          "words": [
            {
              "boundingBox": "863,339,176,27",
              "text": "OLÄVEO!LSOAP"
            }
          ]
        },
        {
          "boundingBox": "158,719,2233,53",
          "words": [
            {
              "boundingBox": "158,719,120,53",
              "text": "The"
            },
            {
              "boundingBox": "298,720,161,52",
              "text": "Pure"
            },
            {
              "boundingBox": "479,719,345,53",
              "text": "Essentials"
            },
            {
              "boundingBox": "844,719,325,53",
              "text": "collection"
            },
            {
              "boundingBox": "1190,719,324,53",
              "text": "cotnbines"
            },
            {
              "boundingBox": "1535,719,225,53",
              "text": "classic"
            },
            {
              "boundingBox": "1780,719,299,53",
              "text": "essential"
            },
            {
              "boundingBox": "2098,719,120,53",
              "text": "oils"
            },
            {
              "boundingBox": "2238,719,153,53",
              "text": "with"
            }
          ]
        },
        {
          "boundingBox": "150,810,2242,71",
          "words": [
            {
              "boundingBox": "150,810,408,71",
              "text": "high-quality"
            },
            {
              "boundingBox": "581,810,379,71",
              "text": "ingredients"
            },
            {
              "boundingBox": "962,810,115,71",
              "text": "for"
            },
            {
              "boundingBox": "1096,830,82,33",
              "text": "an"
            },
            {
              "boundingBox": "1199,810,294,71",
              "text": "arnazing"
            },
            {
              "boundingBox": "1512,810,482,71",
              "text": "arornatherapy"
            },
            {
              "boundingBox": "2017,810,375,70",
              "text": "experience."
            }
          ]
        }
      ]
    },
    {
      "boundingBox": "150,1011,1088,2035",
      "lines": [
        {
          "boundingBox": "155,1011,590,67",
          "words": [
            {
              "boundingBox": "155,1011,323,67",
              "text": "Shower"
            },
            {
              "boundingBox": "503,1011,242,67",
              "text": "Burst"
            }
          ]
        },
        {
          "boundingBox": "152,1118,1083,35",
          "words": [
            {
              "boundingBox": "152,1118,112,27",
              "text": "Shower"
            },
            {
              "boundingBox": "274,1118,92,27",
              "text": "Bursts"
            },
            {
              "boundingBox": "377,1118,148,27",
              "text": "transform"
            },
            {
              "boundingBox": "534,1128,70,25",
              "text": "your"
            },
            {
              "boundingBox": "614,1118,106,27",
              "text": "shower"
            },
            {
              "boundingBox": "730,1118,58,27",
              "text": "into"
            },
            {
              "boundingBox": "800,1128,36,17",
              "text": "an"
            },
            {
              "boundingBox": "847,1118,211,35",
              "text": "aromatherapy"
            },
            {
              "boundingBox": "1068,1118,167,35",
              "text": "experience."
            }
          ]
        },
        {
          "boundingBox": "150,1163,1087,35",
          "words": [
            {
              "boundingBox": "150,1163,87,27",
              "text": "Made"
            },
            {
              "boundingBox": "249,1163,66,27",
              "text": "with"
            },
            {
              "boundingBox": "328,1163,154,27",
              "text": "all-natural"
            },
            {
              "boundingBox": "493,1163,165,35",
              "text": "ingredients"
            },
            {
              "boundingBox": "672,1163,56,27",
              "text": "and"
            },
            {
              "boundingBox": "739,1173,68,25",
              "text": "pure"
            },
            {
              "boundingBox": "820,1163,124,27",
              "text": "essential"
            },
            {
              "boundingBox": "956,1163,56,33",
              "text": "oils,"
            },
            {
              "boundingBox": "1026,1163,63,35",
              "text": "they"
            },
            {
              "boundingBox": "1101,1173,46,17",
              "text": "are"
            },
            {
              "boundingBox": "1160,1173,17,17",
              "text": "a"
            },
            {
              "boundingBox": "1188,1163,49,27",
              "text": "fun"
            }
          ]
        },
        {
          "boundingBox": "150,1208,1088,35",
          "words": [
            {
              "boundingBox": "150,1218,60,25",
              "text": "way"
            },
            {
              "boundingBox": "220,1213,28,22",
              "text": "to"
            },
            {
              "boundingBox": "259,1208,81,35",
              "text": "enjoy"
            },
            {
              "boundingBox": "350,1208,210,35",
              "text": "aromatherapy"
            },
            {
              "boundingBox": "570,1218,79,25",
              "text": "every"
            },
            {
              "boundingBox": "659,1208,56,35",
              "text": "day."
            },
            {
              "boundingBox": "727,1208,39,27",
              "text": "To"
            },
            {
              "boundingBox": "777,1218,55,23",
              "text": "use,"
            },
            {
              "boundingBox": "843,1218,114,25",
              "text": "unwrap"
            },
            {
              "boundingBox": "970,1208,112,27",
              "text": "Shower"
            },
            {
              "boundingBox": "1091,1208,81,27",
              "text": "Burst"
            },
            {
              "boundingBox": "1181,1208,57,27",
              "text": "and"
            }
          ]
        },
        {
          "boundingBox": "150,1253,1087,35",
          "words": [
            {
              "boundingBox": "150,1253,78,35",
              "text": "place"
            },
            {
              "boundingBox": "240,1263,37,17",
              "text": "on"
            },
            {
              "boundingBox": "289,1263,17,17",
              "text": "a"
            },
            {
              "boundingBox": "317,1253,61,27",
              "text": "dish"
            },
            {
              "boundingBox": "389,1263,32,17",
              "text": "or"
            },
            {
              "boundingBox": "432,1253,28,26",
              "text": "in"
            },
            {
              "boundingBox": "472,1263,17,17",
              "text": "a"
            },
            {
              "boundingBox": "501,1253,99,27",
              "text": "sachet."
            },
            {
              "boundingBox": "612,1253,61,27",
              "text": "Wet"
            },
            {
              "boundingBox": "683,1253,96,35",
              "text": "briefly"
            },
            {
              "boundingBox": "789,1258,28,22",
              "text": "to"
            },
            {
              "boundingBox": "830,1253,120,27",
              "text": "activate."
            },
            {
              "boundingBox": "964,1253,87,35",
              "text": "Enjoy"
            },
            {
              "boundingBox": "1062,1253,42,27",
              "text": "for"
            },
            {
              "boundingBox": "1115,1253,122,35",
              "text": "multiple"
            }
          ]
        },
        {
          "boundingBox": "151,1298,448,27",
          "words": [
            {
              "boundingBox": "151,1298,117,27",
              "text": "showers"
            },
            {
              "boundingBox": "279,1298,56,27",
              "text": "and"
            },
            {
              "boundingBox": "345,1303,94,22",
              "text": "re-wet"
            },
            {
              "boundingBox": "449,1298,68,27",
              "text": "each"
            },
            {
              "boundingBox": "527,1298,72,27",
              "text": "time,"
            }
          ]
        },
        {
          "boundingBox": "154,1362,1080,35",
          "words": [
            {
              "boundingBox": "154,1362,60,26",
              "text": "The"
            },
            {
              "boundingBox": "226,1362,127,26",
              "text": "Shower"
            },
            {
              "boundingBox": "363,1362,93,26",
              "text": "Burst"
            },
            {
              "boundingBox": "467,1362,116,26",
              "text": "Starter"
            },
            {
              "boundingBox": "595,1362,50,26",
              "text": "Set"
            },
            {
              "boundingBox": "656,1362,140,26",
              "text": "includes"
            },
            {
              "boundingBox": "807,1362,40,26",
              "text": "36"
            },
            {
              "boundingBox": "852,1362,107,35",
              "text": "pieces"
            },
            {
              "boundingBox": "971,1362,76,26",
              "text": "each"
            },
            {
              "boundingBox": "1059,1362,37,35",
              "text": "of"
            },
            {
              "boundingBox": "1101,1362,19,26",
              "text": "4"
            },
            {
              "boundingBox": "1131,1362,103,35",
              "text": "styles,"
            }
          ]
        },
        {
          "boundingBox": "150,1407,1087,35",
          "words": [
            {
              "boundingBox": "150,1407,19,26",
              "text": "4"
            },
            {
              "boundingBox": "178,1407,88,35",
              "text": "glass"
            },
            {
              "boundingBox": "279,1407,122,35",
              "text": "display"
            },
            {
              "boundingBox": "408,1407,72,35",
              "text": "jars"
            },
            {
              "boundingBox": "493,1407,65,26",
              "text": "and"
            },
            {
              "boundingBox": "570,1416,19,17",
              "text": "a"
            },
            {
              "boundingBox": "603,1407,126,26",
              "text": "Shower"
            },
            {
              "boundingBox": "741,1407,93,26",
              "text": "Burst"
            },
            {
              "boundingBox": "847,1407,78,35",
              "text": "Sign."
            },
            {
              "boundingBox": "938,1407,74,26",
              "text": "Also"
            },
            {
              "boundingBox": "1026,1407,146,26",
              "text": "included"
            },
            {
              "boundingBox": "1184,1416,53,17",
              "text": "are"
            }
          ]
        },
        {
          "boundingBox": "150,1452,1023,35",
          "words": [
            {
              "boundingBox": "150,1452,19,27",
              "text": "2"
            },
            {
              "boundingBox": "178,1452,123,26",
              "text": "How-to"
            },
            {
              "boundingBox": "315,1452,126,33",
              "text": "Tablets,"
            },
            {
              "boundingBox": "453,1452,38,27",
              "text": "24"
            },
            {
              "boundingBox": "505,1452,93,26",
              "text": "White"
            },
            {
              "boundingBox": "609,1452,125,26",
              "text": "Sachets"
            },
            {
              "boundingBox": "744,1452,65,26",
              "text": "and"
            },
            {
              "boundingBox": "817,1461,41,17",
              "text": "an"
            },
            {
              "boundingBox": "867,1452,156,26",
              "text": "Essential"
            },
            {
              "boundingBox": "1033,1452,52,26",
              "text": "Oil"
            },
            {
              "boundingBox": "1095,1452,78,35",
              "text": "Sign."
            }
          ]
        },
        {
          "boundingBox": "798,1521,393,25",
          "words": [
            {
              "boundingBox": "798,1521,120,25",
              "text": "Shower"
            },
            {
              "boundingBox": "928,1521,85,25",
              "text": "Burst"
            },
            {
              "boundingBox": "1023,1521,108,25",
              "text": "Starter"
            },
            {
              "boundingBox": "1140,1521,51,25",
              "text": "Set"
            }
          ]
        },
        {
          "boundingBox": "1146,1563,90,25",
          "words": [
            {
              "boundingBox": "1146,1563,90,25",
              "text": "25014"
            }
          ]
        },
        {
          "boundingBox": "1178,1597,59,25",
          "words": [
            {
              "boundingBox": "1178,1597,59,25",
              "text": "$425"
            }
          ]
        },
        {
          "boundingBox": "797,1600,12,19",
          "words": [
            {
              "boundingBox": "797,1600,12,19",
              "text": "8"
            }
          ]
        },
        {
          "boundingBox": "855,1600,250,19",
          "words": [
            {
              "boundingBox": "855,1600,83,19",
              "text": "11615"
            },
            {
              "boundingBox": "962,1600,87,19",
              "text": "01504"
            },
            {
              "boundingBox": "1092,1600,13,19",
              "text": "0"
            }
          ]
        },
        {
          "boundingBox": "154,1760,637,89",
          "words": [
            {
              "boundingBox": "154,1760,231,68",
              "text": "Olive"
            },
            {
              "boundingBox": "416,1760,134,68",
              "text": "Oil"
            },
            {
              "boundingBox": "581,1761,210,88",
              "text": "Soap"
            }
          ]
        },
        {
          "boundingBox": "151,1868,1086,35",
          "words": [
            {
              "boundingBox": "151,1868,100,27",
              "text": "Gentle"
            },
            {
              "boundingBox": "272,1868,56,27",
              "text": "and"
            },
            {
              "boundingBox": "348,1868,162,33",
              "text": "all-natural,"
            },
            {
              "boundingBox": "532,1868,74,27",
              "text": "these"
            },
            {
              "boundingBox": "628,1868,80,27",
              "text": "Olive"
            },
            {
              "boundingBox": "729,1868,48,27",
              "text": "Oil"
            },
            {
              "boundingBox": "798,1868,87,35",
              "text": "Soaps"
            },
            {
              "boundingBox": "906,1878,45,17",
              "text": "are"
            },
            {
              "boundingBox": "972,1868,181,27",
              "text": "handcrafted"
            },
            {
              "boundingBox": "1171,1868,66,27",
              "text": "with"
            }
          ]
        },
        {
          "boundingBox": "151,1913,1084,35",
          "words": [
            {
              "boundingBox": "151,1913,165,35",
              "text": "sustainably"
            },
            {
              "boundingBox": "325,1913,143,27",
              "text": "harvested"
            },
            {
              "boundingBox": "478,1913,75,27",
              "text": "Palm"
            },
            {
              "boundingBox": "564,1913,56,33",
              "text": "Oil,"
            },
            {
              "boundingBox": "631,1913,112,35",
              "text": "organic"
            },
            {
              "boundingBox": "754,1913,79,27",
              "text": "Olive"
            },
            {
              "boundingBox": "845,1913,47,27",
              "text": "Oil"
            },
            {
              "boundingBox": "903,1913,56,27",
              "text": "and"
            },
            {
              "boundingBox": "967,1923,69,25",
              "text": "pure"
            },
            {
              "boundingBox": "1046,1913,124,27",
              "text": "essential"
            },
            {
              "boundingBox": "1180,1913,55,27",
              "text": "oils."
            }
          ]
        },
        {
          "boundingBox": "150,1958,961,35",
          "words": [
            {
              "boundingBox": "150,1958,91,27",
              "text": "These"
            },
            {
              "boundingBox": "251,1958,83,27",
              "text": "boxes"
            },
            {
              "boundingBox": "345,1958,80,27",
              "text": "make"
            },
            {
              "boundingBox": "436,1968,17,17",
              "text": "a"
            },
            {
              "boundingBox": "462,1963,89,30",
              "text": "pretty"
            },
            {
              "boundingBox": "561,1958,104,35",
              "text": "display"
            },
            {
              "boundingBox": "673,1958,82,27",
              "text": "when"
            },
            {
              "boundingBox": "765,1958,209,27",
              "text": "merchandised"
            },
            {
              "boundingBox": "984,1958,127,35",
              "text": "together."
            }
          ]
        },
        {
          "boundingBox": "154,2022,936,35",
          "words": [
            {
              "boundingBox": "154,2022,60,26",
              "text": "The"
            },
            {
              "boundingBox": "225,2022,89,26",
              "text": "Olive"
            },
            {
              "boundingBox": "326,2022,51,26",
              "text": "Oil"
            },
            {
              "boundingBox": "387,2022,80,35",
              "text": "Soap"
            },
            {
              "boundingBox": "477,2022,150,35",
              "text": "Pre-pack"
            },
            {
              "boundingBox": "636,2022,141,26",
              "text": "includes"
            },
            {
              "boundingBox": "788,2022,36,27",
              "text": "12"
            },
            {
              "boundingBox": "833,2022,76,26",
              "text": "each"
            },
            {
              "boundingBox": "919,2022,37,35",
              "text": "of"
            },
            {
              "boundingBox": "959,2022,19,26",
              "text": "4"
            },
            {
              "boundingBox": "987,2022,103,35",
              "text": "styles."
            }
          ]
        },
        {
          "boundingBox": "155,2124,593,47",
          "words": [
            {
              "boundingBox": "155,2124,189,47",
              "text": "Gentle"
            },
            {
              "boundingBox": "364,2124,47,47",
              "text": "&"
            },
            {
              "boundingBox": "429,2124,319,47",
              "text": "all-natural"
            }
          ]
        },
        {
          "boundingBox": "797,2271,375,31",
          "words": [
            {
              "boundingBox": "797,2271,79,25",
              "text": "Olive"
            },
            {
              "boundingBox": "888,2271,41,25",
              "text": "Oil"
            },
            {
              "boundingBox": "941,2271,80,31",
              "text": "Soap"
            },
            {
              "boundingBox": "1033,2271,139,31",
              "text": "Pre-pack"
            }
          ]
        },
        {
          "boundingBox": "1149,2313,88,25",
          "words": [
            {
              "boundingBox": "1149,2313,88,25",
              "text": "10004"
            }
          ]
        },
        {
          "boundingBox": "1183,2349,54,23",
          "words": [
            {
              "boundingBox": "1183,2349,54,23",
              "text": "$144"
            }
          ]
        },
        {
          "boundingBox": "797,2350,12,19",
          "words": [
            {
              "boundingBox": "797,2350,12,19",
              "text": "8"
            }
          ]
        },
        {
          "boundingBox": "855,2350,249,19",
          "words": [
            {
              "boundingBox": "855,2350,82,19",
              "text": "11615"
            },
            {
              "boundingBox": "961,2350,87,19",
              "text": "01040"
            },
            {
              "boundingBox": "1092,2350,12,19",
              "text": "3"
            }
          ]
        },
        {
          "boundingBox": "152,2510,531,68",
          "words": [
            {
              "boundingBox": "152,2511,203,67",
              "text": "Bath"
            },
            {
              "boundingBox": "381,2510,302,68",
              "text": "Fizzies"
            }
          ]
        },
        {
          "boundingBox": "151,2618,1087,35",
          "words": [
            {
              "boundingBox": "151,2618,68,27",
              "text": "Pure"
            },
            {
              "boundingBox": "235,2618,143,27",
              "text": "Essenüls"
            },
            {
              "boundingBox": "393,2618,71,27",
              "text": "Bath"
            },
            {
              "boundingBox": "478,2618,100,27",
              "text": "Fizzies"
            },
            {
              "boundingBox": "593,2628,46,17",
              "text": "are"
            },
            {
              "boundingBox": "654,2618,82,27",
              "text": "made"
            },
            {
              "boundingBox": "751,2618,66,27",
              "text": "with"
            },
            {
              "boundingBox": "832,2618,154,27",
              "text": "all-natural"
            },
            {
              "boundingBox": "1001,2618,165,35",
              "text": "ingredients"
            },
            {
              "boundingBox": "1181,2618,57,27",
              "text": "and"
            }
          ]
        },
        {
          "boundingBox": "150,2668,1087,35",
          "words": [
            {
              "boundingBox": "150,2678,68,25",
              "text": "pure"
            },
            {
              "boundingBox": "229,2668,124,27",
              "text": "essential"
            },
            {
              "boundingBox": "363,2668,55,27",
              "text": "oils."
            },
            {
              "boundingBox": "430,2668,46,27",
              "text": "No"
            },
            {
              "boundingBox": "487,2668,92,27",
              "text": "added"
            },
            {
              "boundingBox": "588,2668,142,35",
              "text": "fragrance"
            },
            {
              "boundingBox": "741,2678,32,17",
              "text": "or"
            },
            {
              "boundingBox": "783,2668,79,27",
              "text": "color."
            },
            {
              "boundingBox": "875,2668,88,27",
              "text": "Sweet"
            },
            {
              "boundingBox": "971,2668,124,27",
              "text": "Almond"
            },
            {
              "boundingBox": "1105,2668,36,27",
              "text": "oil"
            },
            {
              "boundingBox": "1150,2668,87,27",
              "text": "leaves"
            }
          ]
        },
        {
          "boundingBox": "151,2718,1086,35",
          "words": [
            {
              "boundingBox": "151,2718,58,27",
              "text": "skin"
            },
            {
              "boundingBox": "218,2718,100,35",
              "text": "feeling"
            },
            {
              "boundingBox": "327,2718,52,27",
              "text": "soft"
            },
            {
              "boundingBox": "389,2718,56,27",
              "text": "and"
            },
            {
              "boundingBox": "455,2718,182,27",
              "text": "moisturized."
            },
            {
              "boundingBox": "649,2718,67,27",
              "text": "This"
            },
            {
              "boundingBox": "726,2718,21,27",
              "text": "is"
            },
            {
              "boundingBox": "758,2718,45,27",
              "text": "the"
            },
            {
              "boundingBox": "815,2718,120,35",
              "text": "epitome"
            },
            {
              "boundingBox": "946,2718,32,27",
              "text": "of"
            },
            {
              "boundingBox": "989,2718,210,35",
              "text": "aromatherapy"
            },
            {
              "boundingBox": "1208,2718,29,26",
              "text": "in"
            }
          ]
        },
        {
          "boundingBox": "150,2768,743,35",
          "words": [
            {
              "boundingBox": "150,2768,46,27",
              "text": "the"
            },
            {
              "boundingBox": "207,2768,74,27",
              "text": "bath."
            },
            {
              "boundingBox": "294,2768,75,27",
              "text": "Each"
            },
            {
              "boundingBox": "378,2768,122,35",
              "text": "package"
            },
            {
              "boundingBox": "510,2768,122,27",
              "text": "includes"
            },
            {
              "boundingBox": "642,2773,54,22",
              "text": "two"
            },
            {
              "boundingBox": "706,2768,71,27",
              "text": "Bath"
            },
            {
              "boundingBox": "787,2768,106,27",
              "text": "Fizzies."
            }
          ]
        },
        {
          "boundingBox": "154,2832,1083,35",
          "words": [
            {
              "boundingBox": "154,2832,60,26",
              "text": "The"
            },
            {
              "boundingBox": "230,2832,78,26",
              "text": "Bath"
            },
            {
              "boundingBox": "324,2832,116,26",
              "text": "Fizzies"
            },
            {
              "boundingBox": "458,2832,116,26",
              "text": "Starter"
            },
            {
              "boundingBox": "591,2832,50,26",
              "text": "Set"
            },
            {
              "boundingBox": "657,2832,140,26",
              "text": "includes"
            },
            {
              "boundingBox": "816,2832,19,26",
              "text": "6"
            },
            {
              "boundingBox": "849,2832,76,26",
              "text": "each"
            },
            {
              "boundingBox": "942,2832,38,35",
              "text": "of"
            },
            {
              "boundingBox": "990,2832,19,26",
              "text": "4"
            },
            {
              "boundingBox": "1025,2832,96,35",
              "text": "styles"
            },
            {
              "boundingBox": "1138,2832,65,26",
              "text": "and"
            },
            {
              "boundingBox": "1218,2841,19,17",
              "text": "a"
            }
          ]
        },
        {
          "boundingBox": "150,2877,539,35",
          "words": [
            {
              "boundingBox": "150,2877,174,26",
              "text": "decorative"
            },
            {
              "boundingBox": "334,2877,125,26",
              "text": "enamel"
            },
            {
              "boundingBox": "467,2877,122,35",
              "text": "display"
            },
            {
              "boundingBox": "601,2877,88,26",
              "text": "bowL"
            }
          ]
        },
        {
          "boundingBox": "798,3021,350,25",
          "words": [
            {
              "boundingBox": "798,3021,70,25",
              "text": "Bath"
            },
            {
              "boundingBox": "881,3021,87,25",
              "text": "Fizzie"
            },
            {
              "boundingBox": "980,3021,108,25",
              "text": "Starter"
            },
            {
              "boundingBox": "1097,3021,51,25",
              "text": "Set"
            }
          ]
        }
      ]
    },
    {
      "boundingBox": "1359,2064,177,18",
      "lines": [
        {
          "boundingBox": "1359,2064,177,18",
          "words": [
            {
              "boundingBox": "1359,2064,111,18",
              "text": "ouveon."
            },
            {
              "boundingBox": "1476,2064,60,18",
              "text": "sos\""
            }
          ]
        }
      ]
    },
    {
      "boundingBox": "1620,2064,176,18",
      "lines": [
        {
          "boundingBox": "1620,2064,176,18",
          "words": [
            {
              "boundingBox": "1620,2064,176,18",
              "text": "OuVEOlLSOAP"
            }
          ]
        }
      ]
    },
    {
      "boundingBox": "1889,2064,177,18",
      "lines": [
        {
          "boundingBox": "1889,2064,177,18",
          "words": [
            {
              "boundingBox": "1889,2064,177,18",
              "text": "OUVEOQLSOAP"
            }
          ]
        }
      ]
    },
    {
      "boundingBox": "2150,2061,176,21",
      "lines": [
        {
          "boundingBox": "2150,2061,176,21",
          "words": [
            {
              "boundingBox": "2150,2061,176,21",
              "text": "OUVEOU.SOAP"
            }
          ]
        }
      ]
    },
    {
      "boundingBox": "1147,3063,91,59",
      "lines": [
        {
          "boundingBox": "1147,3063,90,25",
          "words": [
            {
              "boundingBox": "1147,3063,90,25",
              "text": "21004"
            }
          ]
        },
        {
          "boundingBox": "1183,3099,55,23",
          "words": [
            {
              "boundingBox": "1183,3099,55,23",
              "text": "$105"
            }
          ]
        }
      ]
    },
    {
      "boundingBox": "153,3100,951,134",
      "lines": [
        {
          "boundingBox": "797,3100,12,19",
          "words": [
            {
              "boundingBox": "797,3100,12,19",
              "text": "8"
            }
          ]
        },
        {
          "boundingBox": "855,3100,249,19",
          "words": [
            {
              "boundingBox": "855,3100,82,19",
              "text": "11615"
            },
            {
              "boundingBox": "961,3100,87,19",
              "text": "01240"
            },
            {
              "boundingBox": "1092,3101,12,18",
              "text": "7"
            }
          ]
        },
        {
          "boundingBox": "153,3195,484,39",
          "words": [
            {
              "boundingBox": "153,3195,484,39",
              "text": "hydraAromatherapy.com"
            }
          ]
        }
      ]
    }
  ]
}