{
  "language": "en",
  "orientation": "Up",
  "textAngle": 0.0,
  "regions": [
    {
      "boundingBox": "150,179,2251,819",
      "lines": [
        {
          "boundingBox": "216,179,2118,185",
          "words": [
            {
              "boundingBox": "216,179,2118,185",
              "text": "hydraAROMATHERAPY"
            }
          ]
        },
        {
          "boundingBox": "875,420,251,98",
          "words": [
            {
              "boundingBox": "875,420,251,98",
              "text": "wit\""
            }
          ]
        },
        {
          "boundingBox": "157,753,1478,87",
          "words": [
            {
              "boundingBox": "157,753,421,87",
              "text": "Shower"
            },
            {
              "boundingBox": "611,753,315,87",
              "text": "Burst"
            },
            {
              "boundingBox": "965,753,402,87",
              "text": "Starter"
            },
            {
              "boundingBox": "1405,753,230,87",
              "text": "Sets"
            }
          ]
        },
        {
          "boundingBox": "150,882,2251,51",
          "words": [
            {
              "boundingBox": "150,882,119,38",
              "text": "Each"
            },
            {
              "boundingBox": "284,882,167,38",
              "text": "Starter"
            },
            {
              "boundingBox": "464,882,72,38",
              "text": "Set"
            },
            {
              "boundingBox": "548,882,203,38",
              "text": "includes"
            },
            {
              "boundingBox": "763,883,57,37",
              "text": "36"
            },
            {
              "boundingBox": "823,882,155,50",
              "text": "pieces"
            },
            {
              "boundingBox": "991,882,110,38",
              "text": "each"
            },
            {
              "boundingBox": "1114,882,54,51",
              "text": "of"
            },
            {
              "boundingBox": "1172,883,26,36",
              "text": "4"
            },
            {
              "boundingBox": "1211,882,148,51",
              "text": "styles,"
            },
            {
              "boundingBox": "1377,883,26,36",
              "text": "4"
            },
            {
              "boundingBox": "1411,882,127,51",
              "text": "glass"
            },
            {
              "boundingBox": "1550,882,186,51",
              "text": "Display"
            },
            {
              "boundingBox": "1737,883,111,49",
              "text": "Jars"
            },
            {
              "boundingBox": "1861,882,110,38",
              "text": "with"
            },
            {
              "boundingBox": "1984,882,175,48",
              "text": "inserts,"
            },
            {
              "boundingBox": "2177,896,27,24",
              "text": "a"
            },
            {
              "boundingBox": "2219,882,182,38",
              "text": "Shower"
            }
          ]
        },
        {
          "boundingBox": "150,947,1223,51",
          "words": [
            {
              "boundingBox": "150,948,134,37",
              "text": "Burst"
            },
            {
              "boundingBox": "298,947,113,51",
              "text": "Sign,"
            },
            {
              "boundingBox": "429,948,27,38",
              "text": "2"
            },
            {
              "boundingBox": "469,948,178,37",
              "text": "How-to"
            },
            {
              "boundingBox": "668,947,172,38",
              "text": "Tablets"
            },
            {
              "boundingBox": "855,947,92,38",
              "text": "and"
            },
            {
              "boundingBox": "958,948,54,38",
              "text": "24"
            },
            {
              "boundingBox": "1032,947,135,38",
              "text": "White"
            },
            {
              "boundingBox": "1183,947,190,38",
              "text": "Sachets,"
            }
          ]
        }
      ]
    },
    {
      "boundingBox": "150,1408,323,961",
      "lines": [
        {
          "boundingBox": "227,1408,69,18",
          "words": [
            {
              "boundingBox": "227,1408,69,18",
              "text": "geirrsh"
            }
          ]
        },
        {
          "boundingBox": "151,1521,322,32",
          "words": [
            {
              "boundingBox": "151,1521,151,32",
              "text": "Signature"
            },
            {
              "boundingBox": "314,1521,159,25",
              "text": "Collection"
            }
          ]
        },
        {
          "boundingBox": "209,1600,249,19",
          "words": [
            {
              "boundingBox": "209,1600,83,19",
              "text": "11615"
            },
            {
              "boundingBox": "316,1600,85,19",
              "text": "01501"
            },
            {
              "boundingBox": "445,1600,13,19",
              "text": "9"
            }
          ]
        },
        {
          "boundingBox": "150,2271,313,25",
          "words": [
            {
              "boundingBox": "150,2271,142,25",
              "text": "Wellness"
            },
            {
              "boundingBox": "304,2271,159,25",
              "text": "Collection"
            }
          ]
        },
        {
          "boundingBox": "209,2350,249,19",
          "words": [
            {
              "boundingBox": "209,2350,83,19",
              "text": "11615"
            },
            {
              "boundingBox": "316,2350,13,19",
              "text": "0"
            },
            {
              "boundingBox": "337,2350,65,19",
              "text": "1506"
            },
            {
              "boundingBox": "445,2351,13,18",
              "text": "4"
            }
          ]
        }
      ]
    },
    {
      "boundingBox": "508,1563,91,809",
      "lines": [
        {
          "boundingBox": "510,1563,84,25",
          "words": [
            {
              "boundingBox": "510,1563,84,25",
              "text": "25011"
            }
          ]
        },
        {
          "boundingBox": "540,1597,59,25",
          "words": [
            {
              "boundingBox": "540,1597,59,25",
              "text": "$425"
            }
          ]
        },
        {
          "boundingBox": "508,2313,90,25",
          "words": [
            {
              "boundingBox": "508,2313,90,25",
              "text": "25016"
            }
          ]
        },
        {
          "boundingBox": "540,2347,59,25",
          "words": [
            {
              "boundingBox": "540,2347,59,25",
              "text": "$425"
            }
          ]
        }
      ]
    },
    {
      "boundingBox": "1495,1521,159,96",
      "lines": [
        {
          "boundingBox": "1495,1521,159,25",
          "words": [
            {
              "boundingBox": "1495,1521,159,25",
              "text": "Collection"
            }
          ]
        },
        {
          "boundingBox": "1528,1601,65,16",
          "words": [
            {
              "boundingBox": "1528,1601,65,16",
              "text": "01502"
            }
          ]
        }
      ]
    },
    {
      "boundingBox": "1708,1563,91,59",
      "lines": [
        {
          "boundingBox": "1708,1563,90,25",
          "words": [
            {
              "boundingBox": "1708,1563,90,25",
              "text": "25012"
            }
          ]
        },
        {
          "boundingBox": "1740,1597,59,25",
          "words": [
            {
              "boundingBox": "1740,1597,59,25",
              "text": "$425"
            }
          ]
        }
      ]
    },
    {
      "boundingBox": "1344,2271,969,730",
      "lines": [
        {
          "boundingBox": "1352,2271,415,25",
          "words": [
            {
              "boundingBox": "1352,2271,71,25",
              "text": "Pure"
            },
            {
              "boundingBox": "1435,2271,162,25",
              "text": "Essentials"
            },
            {
              "boundingBox": "1609,2271,158,25",
              "text": "Collection"
            }
          ]
        },
        {
          "boundingBox": "1708,2313,90,25",
          "words": [
            {
              "boundingBox": "1708,2313,90,25",
              "text": "25014"
            }
          ]
        },
        {
          "boundingBox": "1740,2347,59,25",
          "words": [
            {
              "boundingBox": "1740,2347,59,25",
              "text": "$425"
            }
          ]
        },
        {
          "boundingBox": "1409,2350,249,19",
          "words": [
            {
              "boundingBox": "1409,2350,83,19",
              "text": "11615"
            },
            {
              "boundingBox": "1516,2350,86,19",
              "text": "01504"
            },
            {
              "boundingBox": "1645,2350,13,19",
              "text": "0"
            }
          ]
        },
        {
          "boundingBox": "1345,2614,940,59",
          "words": [
            {
              "boundingBox": "1345,2615,134,43",
              "text": "How"
            },
            {
              "boundingBox": "1497,2615,69,43",
              "text": "do"
            },
            {
              "boundingBox": "1584,2631,216,42",
              "text": "yowuse"
            },
            {
              "boundingBox": "1819,2631,32,27",
              "text": "a"
            },
            {
              "boundingBox": "1870,2614,211,45",
              "text": "Shower"
            },
            {
              "boundingBox": "2097,2614,188,45",
              "text": "Burst?"
            }
          ]
        },
        {
          "boundingBox": "1344,2715,969,46",
          "words": [
            {
              "boundingBox": "1344,2716,186,45",
              "text": "Unwrap"
            },
            {
              "boundingBox": "1556,2728,26,22",
              "text": "a"
            },
            {
              "boundingBox": "1607,2715,169,36",
              "text": "Shower"
            },
            {
              "boundingBox": "1799,2715,126,36",
              "text": "Burst"
            },
            {
              "boundingBox": "1951,2715,85,36",
              "text": "and"
            },
            {
              "boundingBox": "2059,2715,122,46",
              "text": "place"
            },
            {
              "boundingBox": "2207,2728,55,23",
              "text": "on"
            },
            {
              "boundingBox": "2288,2728,25,22",
              "text": "a"
            }
          ]
        },
        {
          "boundingBox": "1345,2775,965,47",
          "words": [
            {
              "boundingBox": "1345,2775,222,39",
              "text": "dish_owin"
            },
            {
              "boundingBox": "1573,2775,314,46",
              "text": "•sachets-Weg"
            },
            {
              "boundingBox": "1894,2775,214,47",
              "text": "briefly-to"
            },
            {
              "boundingBox": "2121,2775,189,36",
              "text": "activate."
            }
          ]
        },
        {
          "boundingBox": "1344,2835,968,47",
          "words": [
            {
              "boundingBox": "1344,2835,76,36",
              "text": "Asy"
            },
            {
              "boundingBox": "1430,2843,47,29",
              "text": "IV"
            },
            {
              "boundingBox": "1498,2835,242,44",
              "text": "dissolves,w"
            },
            {
              "boundingBox": "1752,2835,327,47",
              "text": "aromatherapy"
            },
            {
              "boundingBox": "2111,2835,80,36",
              "text": "oils"
            },
            {
              "boundingBox": "2222,2835,90,35",
              "text": "mix"
            }
          ]
        },
        {
          "boundingBox": "1344,2895,969,48",
          "words": [
            {
              "boundingBox": "1344,2895,103,36",
              "text": "with"
            },
            {
              "boundingBox": "1459,2895,71,35",
              "text": "the"
            },
            {
              "boundingBox": "1542,2895,135,48",
              "text": "rising"
            },
            {
              "boundingBox": "1689,2902,196,29",
              "text": "stearnto"
            },
            {
              "boundingBox": "1898,2895,180,46",
              "text": "provide"
            },
            {
              "boundingBox": "2087,2908,29,22",
              "text": "a"
            },
            {
              "boundingBox": "2124,2903,95,28",
              "text": "true"
            },
            {
              "boundingBox": "2233,2908,80,34",
              "text": "spa"
            }
          ]
        },
        {
          "boundingBox": "1346,2955,258,46",
          "words": [
            {
              "boundingBox": "1346,2955,258,46",
              "text": "experience."
            }
          ]
        }
      ]
    },
    {
      "boundingBox": "151,3021,447,67",
      "lines": [
        {
          "boundingBox": "151,3021,264,25",
          "words": [
            {
              "boundingBox": "151,3021,94,25",
              "text": "Citrus"
            },
            {
              "boundingBox": "257,3021,158,25",
              "text": "Collection"
            }
          ]
        },
        {
          "boundingBox": "508,3063,90,25",
          "words": [
            {
              "boundingBox": "508,3063,90,25",
              "text": "25017"
            }
          ]
        }
      ]
    },
    {
      "boundingBox": "328,3102,66,17",
      "lines": [
        {
          "boundingBox": "328,3102,66,17",
          "words": [
            {
              "boundingBox": "328,3102,66,17",
              "text": "01575"
            }
          ]
        }
      ]
    },
    {
      "boundingBox": "540,3097,59,25",
      "lines": [
        {
          "boundingBox": "540,3097,59,25",
          "words": [
            {
              "boundingBox": "540,3097,59,25",
              "text": "$425"
            }
          ]
        }
      ]
    },
    {
      "boundingBox": "153,3195,484,39",
      "lines": [
        {
          "boundingBox": "153,3195,484,39",
          "words": [
            {
              "boundingBox": "153,3195,484,39",
              "text": "hydraAromatherapy.com"
            }
          ]
        }
      ]
    }
  ]
}