{
  "language": "en",
  "orientation": "Up",
  "textAngle": 0.0,
  "regions": [
    {
      "boundingBox": "272,753,2122,2484",
      "lines": [
        {
          "boundingBox": "272,753,2006,175",
          "words": [
            {
              "boundingBox": "272,753,2006,175",
              "text": "hydraAROMATHERAPY"
            }
          ]
        },
        {
          "boundingBox": "1549,1746,480,61",
          "words": [
            {
              "boundingBox": "1549,1746,480,61",
              "text": "hydraAROMATHERAPY"
            }
          ]
        },
        {
          "boundingBox": "1570,2005,462,84",
          "words": [
            {
              "boundingBox": "1570,2014,213,75",
              "text": "Bath"
            },
            {
              "boundingBox": "1810,2005,222,75",
              "text": "Soak"
            }
          ]
        },
        {
          "boundingBox": "1669,2134,228,63",
          "words": [
            {
              "boundingBox": "1669,2134,228,63",
              "text": "Unwin"
            }
          ]
        },
        {
          "boundingBox": "1606,2263,405,36",
          "words": [
            {
              "boundingBox": "1606,2275,81,24",
              "text": "Mdde"
            },
            {
              "boundingBox": "1696,2272,60,27",
              "text": "with"
            },
            {
              "boundingBox": "1768,2275,63,24",
              "text": "pure"
            },
            {
              "boundingBox": "1840,2263,114,33",
              "text": "essential"
            },
            {
              "boundingBox": "1963,2263,48,27",
              "text": "ails"
            }
          ]
        },
        {
          "boundingBox": "1645,2440,333,69",
          "words": [
            {
              "boundingBox": "1645,2440,333,69",
              "text": "$ScRR,fiA"
            }
          ]
        },
        {
          "boundingBox": "1639,3174,755,63",
          "words": [
            {
              "boundingBox": "1639,3174,145,49",
              "text": "2018"
            },
            {
              "boundingBox": "1805,3174,327,49",
              "text": "Wholesale"
            },
            {
              "boundingBox": "2156,3174,238,63",
              "text": "Catalog"
            }
          ]
        }
      ]
    }
  ]
}